Ask Price,Car Model,Brand,Depreciation,Registration Date,Category,Mileage,Images
65000,Swift 1.0A Turbo GLX,Suzuki,8100,22-Nov-2018,Hatchback,25000,https://i.i-sgcm.com/cars_used/202108/1021403_small.jpg
145000,Panamera 3.6A PDK Sunroof (COE till 01/2031),Porsche,15290,19-May-2011,Sports,103000,https://i.i-sgcm.com/cars_used/202107/1016997_small.jpg
74800,X-Trail 2.0A Premium 7-Seater Sunroof,Nissan,11700,21-Jul-2017,SUV,74000,https://i.i-sgcm.com/cars_used/202107/1015115_small.jpg
82800,A6 2.0A TFSI MU,Audi,15010,30-Jul-2013,Luxury,196000,https://i.i-sgcm.com/cars_used/202107/1013863_small.jpg
40800,NV350 2.5A,Nissan,9220,29-Jul-2016,Van,89000,https://i.i-sgcm.com/cars_used/202107/1013647_small.jpg
45800,NV350 2.5M,Nissan,8170,30-May-2019,Van,53000,https://i.i-sgcm.com/cars_used/202107/1012411_small.jpg
63800,508 Diesel 1.6A BlueHDi Allure,Peugeot,9430,22-Feb-2017,Sedan,55200,https://i.i-sgcm.com/cars_used/202105/993490_small.jpg
59800,Jetta GP 1.4A TSI Highline,Volkswagen,9780,31-Mar-2017,Sedan,44000,https://i.i-sgcm.com/cars_used/202104/988748_small.jpg
65800,Sharan 2.0A TSI Sunroof,Volkswagen,13130,19-Nov-2014,MPV,51525,https://i.i-sgcm.com/cars_used/202108/1021402_small.jpg
67800,Scirocco GP 1.4A TSI,Volkswagen,10670,25-Aug-2017,Sports,89000,https://i.i-sgcm.com/cars_used/202107/1015386_small.jpg
74000,A3 Sportback 1.0A TFSI S-tronic,Audi,11640,18-Jun-2018,Hatchback,47339,https://i.i-sgcm.com/cars_used/202107/1013764_small.jpg
92800,2 Series 216d Active Tourer,BMW,11900,16-Dec-2016,Hatchback,70934,https://i.i-sgcm.com/cars_used/202106/1006358_small.jpg
73800,Panamera S 4.8A PDK (COE till 03/2029),Porsche,16840,04-Jan-2010,Sports,90000,https://i.i-sgcm.com/cars_used/202106/1005840_small.jpg
128800,NHR85A,Isuzu,9470,22-Oct-2015,Truck,84200,https://i.i-sgcm.com/cars_used/202105/996549_small.jpg
86800,Attrage 1.2A Sports,Mitsubishi,7380,03-Dec-2018,Sedan,51828,https://i.i-sgcm.com/cars_used/202108/1021399_small.jpg
56500,E-Class E200K (COE till 07/2026),Mercedes-Benz,8000,01-Feb-2007,Luxury,141500,https://i.i-sgcm.com/cars_used/202108/1019937_small.jpg
93888,Fiesta 1.0A Ecoboost Titanium,Ford,9230,23-Sep-2016,Hatchback,63499,https://i.i-sgcm.com/cars_used/202107/1016405_small.jpg
93888,Swift 1.0A Turbo GLX (OPC),Suzuki,6510,24-Aug-2020,Hatchback,10150,https://i.i-sgcm.com/cars_used/202010/935372_small.jpg
66800,ASX 2.0A,Mitsubishi,9790,04-Aug-2017,SUV,20677,https://i.i-sgcm.com/cars_used/202108/1021398_small.jpg
19800,Prius Hybrid 1.8A S,Toyota,11150,29-Nov-2017,Hatchback,45000,https://i.i-sgcm.com/cars_used/202012/952811_small.jpg
72800,6 2.0A Executive,Mazda,10470,06-Mar-2017,Luxury,57791,https://i.i-sgcm.com/cars_used/202108/1021396_small.jpg
49800,Vezel Hybrid 1.5A X,Honda,11420,08-Mar-2016,SUV,73218,https://i.i-sgcm.com/cars_used/202108/1020148_small.jpg
209800,Rover Discovery Sport 2.0A SE 7-Seater Sunroof,Land,16080,25-Mar-2019,SUV,51000,https://i.i-sgcm.com/cars_used/202107/1016684_small.jpg
152800,Freed Hybrid 1.5A G 7-Seater,Honda,10340,24-May-2019,MPV,37000,https://i.i-sgcm.com/cars_used/202107/1014677_small.jpg
52800,Harrier 2.0A Premium Style Mauve,Toyota,13420,20-Jul-2017,SUV,50930,https://i.i-sgcm.com/cars_used/202106/1009541_small.jpg
99999,Boxster S 3.4A Tip (COE till 11/2027),Porsche,16310,05-Nov-2007,Sports,108686,https://i.i-sgcm.com/cars_used/202106/1006413_small.jpg
101800,Fit 1.3A G F-Package,Honda,7940,03-Mar-2020,Hatchback,16450,https://i.i-sgcm.com/cars_used/202106/1003119_small.jpg
70800,Cerato K3 1.6A SX Sunroof,Kia,9240,31-Oct-2018,Sedan,30600,https://i.i-sgcm.com/cars_used/202105/995852_small.jpg
75800,i30 1.6A,Hyundai,9760,19-May-2017,Hatchback,75000,https://i.i-sgcm.com/cars_used/202104/991111_small.jpg
63800,C-Class C200 Avantgarde,Mercedes-Benz,18810,09-Sep-2014,Luxury,98206,https://i.i-sgcm.com/cars_used/202108/1021390_small.jpg
75300,Touran 1.4A TSI Comfortline Sunroof,Volkswagen,12680,17-Jul-2020,MPV,22826,https://i.i-sgcm.com/cars_used/202108/1021389_small.jpg
126000,Hiace 2.5M (New 5-yr COE),Toyota,7160,25-Apr-2007,Bus,183000,https://i.i-sgcm.com/cars_used/202108/1021359_small.jpg
35800,3 1.5A Deluxe,Mazda,10330,26-Nov-2015,Sedan,89000,https://i.i-sgcm.com/cars_used/202108/1020491_small.jpg
50800,Shuttle Hybrid 1.5A,Honda,9750,08-Jan-2020,Stationwagon,11000,https://i.i-sgcm.com/cars_used/202108/1020392_small.jpg
88800,M Series M340i xDrive,BMW,26460,22-Feb-2021,Luxury,3528,https://i.i-sgcm.com/cars_used/202108/1019119_small.jpg
295800,Vezel 1.5A X,Honda,10560,18-Dec-2015,SUV,90000,https://i.i-sgcm.com/cars_used/202107/1018867_small.jpg
50800,3 Series 318i,BMW,14440,25-Sep-2017,Luxury,39000,https://i.i-sgcm.com/cars_used/202107/1017537_small.jpg
17800,Eclipse Cross 1.5A,Mitsubishi,11440,23-May-2018,SUV,28013,https://i.i-sgcm.com/cars_used/202107/1015864_small.jpg
70800,Harrier 2.4A (COE till 04/2028),Toyota,7280,23-Apr-2008,SUV,135000,https://i.i-sgcm.com/cars_used/202107/1013424_small.jpg
48800,B-Class B180 Style,Mercedes-Benz,12970,03-Aug-2015,Hatchback,83000,https://i.i-sgcm.com/cars_used/202107/1013080_small.jpg
62800,Freed Hybrid 1.5A G 7-Seater Sensing,Honda,11030,24-Jun-2019,MPV,16098,https://i.i-sgcm.com/cars_used/202107/1012198_small.jpg
97800,Fit 1.3A L (COE till 01/2030),Honda,6590,02-Feb-2010,Hatchback,145000,https://i.i-sgcm.com/cars_used/202106/1009630_small.jpg
55888,Cooper S Clubman 2.0A,MINI,15850,07-Jun-2017,Sports,62000,https://i.i-sgcm.com/cars_used/202106/1009452_small.jpg
27388,2 Series 216i Active Tourer,BMW,11760,29-Apr-2019,Hatchback,20500,https://i.i-sgcm.com/cars_used/202106/1005054_small.jpg
38800,Q2 1.0A TFSI S-tronic (OPC),Audi,10640,09-Jul-2019,SUV,9000,https://i.i-sgcm.com/cars_used/202106/1003310_small.jpg
96800,Rover Range Rover Evoque 2.0A 5DR,Land,17000,28-Feb-2017,SUV,49000,https://i.i-sgcm.com/cars_used/202106/1003262_small.jpg
123800,X-Trail 2.0A Premium 7-Seater Sunroof,Nissan,11170,25-May-2017,SUV,65280,https://i.i-sgcm.com/cars_used/202106/1002447_small.jpg
77900,Note 1.2A YOLO Edition,Nissan,8100,28-Nov-2019,Hatchback,21439,https://i.i-sgcm.com/cars_used/202106/1002013_small.jpg
69800,E-Class E250,Mercedes-Benz,17040,18-May-2015,Luxury,49150,https://i.i-sgcm.com/cars_used/202105/999232_small.jpg
90500,C-Class C160 Avantgarde,Mercedes-Benz,14800,20-Mar-2020,Luxury,24000,https://i.i-sgcm.com/cars_used/202105/998026_small.jpg
146800,3 1.5A Deluxe,Mazda,10040,30-Sep-2016,Sedan,83587,https://i.i-sgcm.com/cars_used/202105/997348_small.jpg
58800,ES250 Executive Sunroof,Lexus,15410,27-Feb-2016,Luxury,110000,https://i.i-sgcm.com/cars_used/202105/997021_small.jpg
91500,Estima 2.4A Aeras G Moonroof (COE till 05/2031),Toyota,8340,15-Jun-2011,MPV,86000,https://i.i-sgcm.com/cars_used/202105/996011_small.jpg
81800,X-Trail 2.0A Premium 7-Seater Sunroof,Nissan,11280,03-Feb-2016,SUV,94900,https://i.i-sgcm.com/cars_used/202105/992962_small.jpg
61800,5 Series 530i,BMW,19680,29-Dec-2017,Luxury,80000,https://i.i-sgcm.com/cars_used/202104/991110_small.jpg
157200,Forester 2.0i-L Sunroof,Subaru,11200,31-Aug-2016,SUV,56828,https://i.i-sgcm.com/cars_used/202103/981518_small.jpg
45800,Odyssey 2.4A Sunroof (COE till 02/2029),Honda,6970,19-Feb-2009,MPV,155000,https://i.i-sgcm.com/cars_used/202108/1020469_small.jpg
52500,C-Class C180K (New 10-yr COE),Mercedes-Benz,7880,06-Sep-2011,Luxury,65000,https://i.i-sgcm.com/cars_used/202108/1020312_small.jpg
16200,7 Series 740Li Sunroof,BMW,34160,28-Aug-2019,Luxury,20093,https://i.i-sgcm.com/cars_used/202108/1019164_small.jpg
349800,3 1.5A Sunroof,Mazda,10240,30-Oct-2015,Sedan,84200,https://i.i-sgcm.com/cars_used/202107/1018836_small.jpg
48500,Fit 1.3A G F-Package,Honda,8050,30-Apr-2019,Hatchback,36220,https://i.i-sgcm.com/cars_used/202107/1018763_small.jpg
64800,Harrier 2.0A Turbo M,Toyota,13350,26-Sep-2018,SUV,40000,https://i.i-sgcm.com/cars_used/202107/1017396_small.jpg
112800,Elantra 1.6A GLS S,Hyundai,8690,27-Nov-2017,Sedan,34703,https://i.i-sgcm.com/cars_used/202107/1017384_small.jpg
11800,Picanto 1.1M (COE till 11/2023),Kia,6050,21-Nov-2008,Hatchback,12777,https://i.i-sgcm.com/cars_used/202107/1016531_small.jpg
13800,Wish 1.8A Elegance,Toyota,10860,09-Dec-2016,MPV,75000,https://i.i-sgcm.com/cars_used/202107/1016171_small.jpg
67888,CX-3 2.0A Standard,Mazda,9230,28-Sep-2019,SUV,23000,https://i.i-sgcm.com/cars_used/202107/1012000_small.jpg
40000,CLA-Class CLA200 Urban,Mercedes-Benz,15220,29-Jun-2017,Luxury,50380,https://i.i-sgcm.com/cars_used/202106/1008925_small.jpg
104000,6 Series Gran Turismo 630i M-Sport,BMW,23960,30-Sep-2020,Luxury,4400,https://i.i-sgcm.com/cars_used/202106/1007249_small.jpg
68800,2 HB 1.5A Standard,Mazda,8340,26-Dec-2018,Hatchback,40000,https://i.i-sgcm.com/cars_used/202106/1001383_small.jpg
223800,X3 xDrive30i xLine,BMW,20860,11-Sep-2020,SUV,5366,https://i.i-sgcm.com/cars_used/202105/997744_small.jpg
81800,Forester 2.0XT Sunroof,Subaru,12740,27-Apr-2017,SUV,48881,https://i.i-sgcm.com/cars_used/202105/997182_small.jpg
35800,Cerato Forte 1.6A SX (COE till 04/2026),Kia,7580,20-May-2011,Sedan,150960,https://i.i-sgcm.com/cars_used/202104/983738_small.jpg
58888,Vezel 1.5A X Sensing,Honda,10000,25-Oct-2016,SUV,60000,https://i.i-sgcm.com/cars_used/202104/982767_small.jpg
64800,Vezel Hybrid 1.5A X Sensing,Honda,11010,06-Apr-2017,SUV,83000,https://i.i-sgcm.com/cars_used/202103/976283_small.jpg
69000,Scirocco 1.4A TSI (COE till 01/2031),Volkswagen,7270,03-Nov-2011,Sports,129000,https://i.i-sgcm.com/cars_used/202108/1021387_small.jpg
68000,S-Class S300L (COE till 11/2027),Mercedes-Benz,10770,21-Jan-2008,Luxury,99000,https://i.i-sgcm.com/cars_used/202108/1021384_small.jpg
36000,Doblo Cargo Maxi 1.6A Multijet,Fiat,6900,28-Oct-2016,Van,73000,https://i.i-sgcm.com/cars_used/202108/1021383_small.jpg
168888,GLB-Class GLB180 Progressive,Mercedes-Benz,15200,26-Apr-2021,SUV,3000,https://i.i-sgcm.com/cars_used/202108/1021374_small.jpg
42000,Accord 2.4A (COE till 06/2028),Honda,6120,17-Jun-2008,Luxury,248000,https://i.i-sgcm.com/cars_used/202108/1021368_small.jpg
60800,Elantra 1.6A GLS,Hyundai,8650,11-Dec-2017,Sedan,48399,https://i.i-sgcm.com/cars_used/202108/1019438_small.jpg
129800,1 Series 116i Sport,BMW,11750,15-Jan-2021,Hatchback,3800,https://i.i-sgcm.com/cars_used/202108/1019207_small.jpg
199800,X3 sDrive20i,BMW,18970,30-Oct-2020,SUV,9600,https://i.i-sgcm.com/cars_used/202107/1017494_small.jpg
90800,X1 sDrive20i xLine,BMW,14720,09-Jun-2016,SUV,71000,https://i.i-sgcm.com/cars_used/202107/1017446_small.jpg
120800,Vellfire 2.5A Z G-Edition Moonroof,Toyota,18720,18-Oct-2016,MPV,50189,https://i.i-sgcm.com/cars_used/202107/1016351_small.jpg
310800,F430 F1 Spider (COE till 06/2030),Ferrari,35240,03-Jun-2010,Sports,50000,https://i.i-sgcm.com/cars_used/202107/1015346_small.jpg
29998,Cerato Forte Koup 1.6A SX Sunroof (COE till 04/2025),Kia,8200,06-Apr-2010,Sports,145029,https://i.i-sgcm.com/cars_used/202107/1015080_small.jpg
89888,Vezel 1.5A X,Honda,9020,05-Oct-2020,SUV,2000,https://i.i-sgcm.com/cars_used/202107/1014239_small.jpg
68000,Sylphy 1.6A,Nissan,8340,12-Oct-2018,Sedan,25000,https://i.i-sgcm.com/cars_used/202107/1014020_small.jpg
83800,A-Class A200 Style,Mercedes-Benz,13410,10-Jan-2017,Hatchback,82888,https://i.i-sgcm.com/cars_used/202107/1011852_small.jpg
184800,X3 sDrive20i xLine,BMW,19070,29-Nov-2019,SUV,18000,https://i.i-sgcm.com/cars_used/202106/1009304_small.jpg
74900,Serena S-Hybrid 2.0A G,Nissan,12600,20-Apr-2016,MPV,117350,https://i.i-sgcm.com/cars_used/202106/1006355_small.jpg
51800,Lancer EX 1.6A,Mitsubishi,9630,14-Apr-2016,Sedan,70431,https://i.i-sgcm.com/cars_used/202106/1006069_small.jpg
57800,Teana 2.0A XL,Nissan,9310,16-May-2016,Luxury,99241,https://i.i-sgcm.com/cars_used/202106/1004695_small.jpg
96800,Civic 1.5A VTEC Turbo Sunroof,Honda,12740,25-Jan-2018,Sedan,39000,https://i.i-sgcm.com/cars_used/202106/1002700_small.jpg
113800,H3 3.7A (COE till 05/2029),Hummer,14560,18-Jun-2009,SUV,91000,https://i.i-sgcm.com/cars_used/202105/1000719_small.jpg
218800,M Series M235i Gran Coupe xDrive,BMW,20030,25-Nov-2020,Sports,9749,https://i.i-sgcm.com/cars_used/202105/999900_small.jpg
87800,Forester 2.0i-L Sunroof,Subaru,10960,31-Dec-2018,SUV,48150,https://i.i-sgcm.com/cars_used/202105/999013_small.jpg
53888,Civic 2.0A (COE till 10/2028),Honda,7520,06-Oct-2008,Sedan,93850,https://i.i-sgcm.com/cars_used/202105/997969_small.jpg
63900,308 1.2A PureTech Allure,Peugeot,9660,20-Sep-2017,Hatchback,40049,https://i.i-sgcm.com/cars_used/202105/993414_small.jpg
138800,2 Series 225xe Plug-in Hybrid Active Tourer,BMW,12250,30-Oct-2020,Hatchback,7259,https://i.i-sgcm.com/cars_used/202104/990931_small.jpg
54800,3 1.5A Sunroof,Mazda,8710,09-May-2017,Sedan,60000,https://i.i-sgcm.com/cars_used/202104/988882_small.jpg
164988,GLA-Class GLA200 Sport,Mercedes-Benz,15340,11-Mar-2021,SUV,20,https://i.i-sgcm.com/cars_used/202103/977149_small.jpg
91888,Sienta Hybrid 1.5A X LED,Toyota,9710,26-Feb-2020,MPV,5000,https://i.i-sgcm.com/cars_used/202103/975170_small.jpg
11500,Golf GTI 5DR (COE till 05/2022),Volkswagen,15150,14-May-2007,Sports,150000,https://i.i-sgcm.com/cars_used/202108/1021380_small.jpg
90800,5 Series 523i (COE till 06/2030),BMW,10210,21-Jan-2011,Luxury,172824,https://i.i-sgcm.com/cars_used/202108/1021377_small.jpg
82500,ES250 Luxury Sunroof,Lexus,15790,24-Apr-2015,Luxury,33600,https://i.i-sgcm.com/cars_used/202108/1020621_small.jpg
46998,Cerato K3 1.6A EX,Kia,9250,25-Nov-2015,Sedan,89427,https://i.i-sgcm.com/cars_used/202108/1019735_small.jpg
61800,Vezel Hybrid 1.5A X Sensing,Honda,11420,18-Oct-2016,SUV,64000,https://i.i-sgcm.com/cars_used/202107/1015433_small.jpg
15800,Fit 1.3A G (COE till 09/2023),Honda,7570,11-Sep-2008,Hatchback,170000,https://i.i-sgcm.com/cars_used/202107/1015166_small.jpg
64800,CLA-Class CLA180,Mercedes-Benz,16550,28-Nov-2014,Luxury,115000,https://i.i-sgcm.com/cars_used/202107/1013181_small.jpg
69800,Prius Hybrid 1.8A,Toyota,11220,27-Feb-2017,Hatchback,83000,https://i.i-sgcm.com/cars_used/202107/1012932_small.jpg
21800,Avante 1.6A (COE till 08/2024),Hyundai,7200,19-Aug-2009,Sedan,142000,https://i.i-sgcm.com/cars_used/202107/1010763_small.jpg
19800,Corolla Axio 1.5A X (COE till 03/2024),Toyota,7660,11-Mar-2009,Sedan,171000,https://i.i-sgcm.com/cars_used/202107/1010494_small.jpg
39800,Corolla Altis 1.6A (COE till 05/2026),Toyota,8280,31-May-2011,Sedan,101000,https://i.i-sgcm.com/cars_used/202106/1008546_small.jpg
21800,Fit 1.3A G (COE till 02/2024),Honda,8610,20-Feb-2009,Hatchback,150000,https://i.i-sgcm.com/cars_used/202105/998156_small.jpg
290800,Gallardo LP560-4 (COE till 02/2030),Lamborghini,33970,29-Jun-2010,Sports,47600,https://i.i-sgcm.com/cars_used/202105/996358_small.jpg
72800,Prius Hybrid 1.8A,Toyota,12190,16-May-2017,Hatchback,45000,https://i.i-sgcm.com/cars_used/202105/995998_small.jpg
69800,Civic 1.8A VTi-S (New 10-yr COE),Honda,6980,29-Jun-2011,Sedan,149000,https://i.i-sgcm.com/cars_used/202104/990814_small.jpg
188988,GLB-Class GLB200 AMG Line Premium,Mercedes-Benz,17420,24-Feb-2021,SUV,20,https://i.i-sgcm.com/cars_used/202102/971139_small.jpg
84800,Civic 1.6A VTi,Honda,10770,24-Jul-2018,Sedan,45188,https://i.i-sgcm.com/cars_used/202108/1021386_small.jpg
18000,Camry 2.0A (COE till 05/2023),Toyota,10430,02-May-2008,Luxury,158000,https://i.i-sgcm.com/cars_used/202108/1021381_small.jpg
95800,ES Hybrid ES300h Luxury Sunroof,Lexus,16150,17-Dec-2015,Luxury,88000,https://i.i-sgcm.com/cars_used/202108/1020516_small.jpg
52800,Vezel 1.5A X,Honda,10990,04-Jan-2016,SUV,61800,https://i.i-sgcm.com/cars_used/202108/1020183_small.jpg
77800,SLK-Class SLK200K (COE till 10/2029),Mercedes-Benz,9450,11-Feb-2010,Sports,153400,https://i.i-sgcm.com/cars_used/202108/1020092_small.jpg
57800,6 2.5A Luxury,Mazda,10990,22-Sep-2015,Luxury,90000,https://i.i-sgcm.com/cars_used/202108/1020052_small.jpg
16998,Fit 1.3A G (COE till 09/2023),Honda,8010,24-Sep-2008,Hatchback,128502,https://i.i-sgcm.com/cars_used/202108/1019437_small.jpg
82800,Qashqai 1.2A DIG-T Premium,Nissan,10330,15-Aug-2018,SUV,48000,https://i.i-sgcm.com/cars_used/202107/1018984_small.jpg
103800,CLA-Class CLA180 Urban,Mercedes-Benz,15400,14-Jun-2017,Luxury,60780,https://i.i-sgcm.com/cars_used/202107/1018791_small.jpg
134800,X5 xDrive35i 7-Seater,BMW,21010,28-Sep-2015,SUV,103000,https://i.i-sgcm.com/cars_used/202107/1017447_small.jpg
119800,ES250 Executive Sunroof,Lexus,15230,26-Jan-2018,Luxury,52000,https://i.i-sgcm.com/cars_used/202107/1016971_small.jpg
53800,Vezel 1.5A X,Honda,10370,12-May-2016,SUV,49248,https://i.i-sgcm.com/cars_used/202107/1016629_small.jpg
64800,3 1.5A Sunroof,Mazda,8740,13-Mar-2018,Sedan,48248,https://i.i-sgcm.com/cars_used/202107/1015683_small.jpg
20800,Cerato Forte 1.6A SX (COE till 09/2024),Kia,6610,16-Oct-2009,Sedan,165000,https://i.i-sgcm.com/cars_used/202107/1014679_small.jpg
18800,Swift 1.2A XG (COE till 01/2024),Suzuki,7670,22-Jan-2009,Hatchback,122000,https://i.i-sgcm.com/cars_used/202107/1014498_small.jpg
111800,E-Class E250 AMG Line Edition E Sunroof,Mercedes-Benz,16920,23-Mar-2016,Luxury,96999,https://i.i-sgcm.com/cars_used/202107/1013879_small.jpg
138800,Quattroporte 4.2A (COE till 01/2031),Maserati,14630,06-May-2011,Luxury,50202,https://i.i-sgcm.com/cars_used/202107/1013775_small.jpg
119800,Freed Hybrid 1.5A G Sensing,Honda,11300,29-Jun-2021,MPV,20,https://i.i-sgcm.com/cars_used/202107/1013635_small.jpg
84800,C-Class C180 Avantgarde,Mercedes-Benz,16800,20-Jul-2015,Luxury,117000,https://i.i-sgcm.com/cars_used/202107/1013448_small.jpg
13800,Presage 2.5A Highway Star (COE till 08/2023),Nissan,6720,30-Aug-2008,MPV,173000,https://i.i-sgcm.com/cars_used/202107/1013387_small.jpg
17800,Corolla Altis 1.6A (COE till 02/2024),Toyota,7010,23-Feb-2009,Sedan,162000,https://i.i-sgcm.com/cars_used/202107/1012825_small.jpg
20800,Stream 1.8A (COE till 12/2023),Honda,8690,02-Jan-2009,MPV,120000,https://i.i-sgcm.com/cars_used/202107/1012707_small.jpg
52800,Camry 2.0A (COE till 01/2029),Toyota,7050,19-Feb-2009,Luxury,128000,https://i.i-sgcm.com/cars_used/202106/1003007_small.jpg
80600,3 Series 318i,BMW,13620,04-Aug-2016,Luxury,55395,https://i.i-sgcm.com/cars_used/202106/1002994_small.jpg
175000,A-Class A45 AMG 4MATIC+,Mercedes-Benz,27610,28-Oct-2016,Sports,50000,https://i.i-sgcm.com/cars_used/202106/1001817_small.jpg
21800,Lancer EX 1.5A GLS (COE till 03/2024),Mitsubishi,8420,12-Mar-2009,Sedan,143000,https://i.i-sgcm.com/cars_used/202105/999576_small.jpg
35800,Vios 1.5A E (COE till 04/2026),Toyota,7580,04-May-2011,Sedan,108477,https://i.i-sgcm.com/cars_used/202105/991472_small.jpg
28998,Vios 1.5A E (COE till 06/2025),Toyota,7450,01-Jul-2010,Sedan,122580,https://i.i-sgcm.com/cars_used/202104/990932_small.jpg
80800,A-Class A200 Style,Mercedes-Benz,13840,07-Sep-2016,Hatchback,101899,https://i.i-sgcm.com/cars_used/202102/967268_small.jpg
119900,2 Series 216i Gran Tourer,BMW,11690,31-Mar-2020,MPV,31492,https://i.i-sgcm.com/cars_used/202108/1021385_small.jpg
14900,Fit 1.3A G (COE till 09/2023),Honda,7060,19-Sep-2008,Hatchback,145739,https://i.i-sgcm.com/cars_used/202108/1021382_small.jpg
79888,DS5 Diesel 1.6A e-HDi,Citroen,10570,23-Nov-2017,Stationwagon,60000,https://i.i-sgcm.com/cars_used/202108/1021375_small.jpg
136800,2 Series 216i Gran Tourer,BMW,12480,18-Jan-2021,MPV,12500,https://i.i-sgcm.com/cars_used/202108/1021366_small.jpg
60800,Vezel Hybrid 1.5A RS Sensing (OPC),Honda,9830,14-Jul-2017,SUV,36193,https://i.i-sgcm.com/cars_used/202108/1020502_small.jpg
113800,Noah Hybrid 1.8A X,Toyota,13690,18-Oct-2018,MPV,38506,https://i.i-sgcm.com/cars_used/202108/1019746_small.jpg
69800,3 1.5A Sunroof,Mazda,9410,09-Mar-2018,Sedan,46000,https://i.i-sgcm.com/cars_used/202108/1019656_small.jpg
59000,Qashqai 1.2A DIG-T,Nissan,9410,23-Feb-2017,SUV,59000,https://i.i-sgcm.com/cars_used/202108/1019465_small.jpg
33800,Touran 1.4A TSI,Volkswagen,14090,15-May-2013,MPV,85000,https://i.i-sgcm.com/cars_used/202107/1018511_small.jpg
89800,Jade 1.5A RS,Honda,11320,05-Mar-2018,MPV,63589,https://i.i-sgcm.com/cars_used/202107/1018497_small.jpg
103000,Voxy Hybrid 1.8A V (OPC),Toyota,11430,17-May-2019,MPV,25000,https://i.i-sgcm.com/cars_used/202107/1017010_small.jpg
85500,3 Series 318i Sport,BMW,13100,15-Dec-2016,Luxury,77000,https://i.i-sgcm.com/cars_used/202107/1015079_small.jpg
59800,Grand Vitara 2.0A (COE till 02/2029),Suzuki,7910,11-Sep-2009,SUV,86925,https://i.i-sgcm.com/cars_used/202107/1013312_small.jpg
55998,Jazz 1.5A RS,Honda,9940,10-Aug-2016,Hatchback,65830,https://i.i-sgcm.com/cars_used/202107/1013141_small.jpg
159800,GLC-Class GLC200,Mercedes-Benz,18400,19-Nov-2018,SUV,29656,https://i.i-sgcm.com/cars_used/202107/1013102_small.jpg
189500,5 Series 540i M-Sport,BMW,23840,23-Aug-2017,Luxury,47950,https://i.i-sgcm.com/cars_used/202107/1011709_small.jpg
116800,Noah Hybrid 1.8A X,Toyota,13310,29-Apr-2019,MPV,25000,https://i.i-sgcm.com/cars_used/202107/1011663_small.jpg
18188,Fit 1.3A GF (COE till 12/2023),Honda,7860,03-Dec-2008,Hatchback,133000,https://i.i-sgcm.com/cars_used/202107/1011417_small.jpg
134800,X3 sDrive20i M-Sport Sunroof,BMW,17890,27-Oct-2017,SUV,84821,https://i.i-sgcm.com/cars_used/202106/1009659_small.jpg
27800,C-Class C200ML (COE till 10/2025),Mercedes-Benz,6570,30-Jun-2001,Luxury,223000,https://i.i-sgcm.com/cars_used/202106/1009528_small.jpg
97300,Q30 1.6T Premium,Infiniti,10970,30-Nov-2018,Hatchback,51123,https://i.i-sgcm.com/cars_used/202106/1009058_small.jpg
41800,Corolla Altis 1.6A (COE till 03/2027),Toyota,7520,02-Mar-2007,Sedan,135000,https://i.i-sgcm.com/cars_used/202106/1008216_small.jpg
32800,i30 1.6A Sunroof (COE till 06/2026),Hyundai,6710,29-Jun-2011,Hatchback,143000,https://i.i-sgcm.com/cars_used/202106/1008146_small.jpg
198800,E-Class E200 Exclusive,Mercedes-Benz,19800,20-Sep-2019,Luxury,22199,https://i.i-sgcm.com/cars_used/202106/1005712_small.jpg
72800,1 Series 116i (New 10-yr COE),BMW,7280,28-Dec-2011,Hatchback,85000,https://i.i-sgcm.com/cars_used/202106/1003570_small.jpg
129800,6 Series 640i Gran Coupe M-Sport,BMW,25260,24-Feb-2014,Luxury,78000,https://i.i-sgcm.com/cars_used/202106/1003250_small.jpg
59800,3 1.5A Sunroof,Mazda,9140,08-Aug-2017,Sedan,33900,https://i.i-sgcm.com/cars_used/202106/1003211_small.jpg
135800,Odyssey 2.4A EX-S,Honda,14540,01-Oct-2019,MPV,20800,https://i.i-sgcm.com/cars_used/202106/1001979_small.jpg
66800,Vios 1.5A E,Toyota,8140,17-Dec-2018,Sedan,23000,https://i.i-sgcm.com/cars_used/202106/1001621_small.jpg
56800,Estima 2.4A Aeras G (COE till 02/2028),Toyota,8670,25-Feb-2008,MPV,160000,https://i.i-sgcm.com/cars_used/202106/1000959_small.jpg
63188,Qashqai 1.2A DIG-T Premium,Nissan,10000,31-Mar-2017,SUV,74018,https://i.i-sgcm.com/cars_used/202106/1000947_small.jpg
36800,Swift 1.4A GLX (COE till 05/2026),Suzuki,7650,15-Jun-2011,Hatchback,132000,https://i.i-sgcm.com/cars_used/202105/998609_small.jpg
114800,Passat 1.8A TSI,Volkswagen,11530,28-Feb-2020,Luxury,32000,https://i.i-sgcm.com/cars_used/202105/998431_small.jpg
86800,Tiguan 2.0A TSI R-Line,Volkswagen,15110,29-Dec-2015,SUV,11300,https://i.i-sgcm.com/cars_used/202105/998081_small.jpg
83800,XE Diesel 2.0A Prestige,Jaguar,13660,29-Jul-2016,Luxury,41000,https://i.i-sgcm.com/cars_used/202105/997780_small.jpg
148800,7 Series 740Li Luxury Sunroof,BMW,23960,31-Jul-2015,Luxury,90000,https://i.i-sgcm.com/cars_used/202105/996202_small.jpg
167800,GLC-Class GLC250 4MATIC,Mercedes-Benz,20240,18-Jul-2018,SUV,57292,https://i.i-sgcm.com/cars_used/202105/994775_small.jpg
17800,Exora Bold 1.6A CFE,Proton,15060,27-Apr-2012,MPV,77000,https://i.i-sgcm.com/cars_used/202105/993920_small.jpg
368800,RS 4 Avant 2.9A TFSI Quattro Tip,Audi,33080,09-Feb-2021,Stationwagon,1700,https://i.i-sgcm.com/cars_used/202105/993761_small.jpg
189800,C-Class C200 Mild Hybrid AMG Line Premium Plus,Mercedes-Benz,16060,26-Apr-2021,Luxury,107,https://i.i-sgcm.com/cars_used/202104/990528_small.jpg
138800,Rover Defender 110 Hardtop,Land,36690,22-May-2015,Truck,90000,https://i.i-sgcm.com/cars_used/202104/983519_small.jpg
123800,X1 sDrive18i,BMW,13510,28-Mar-2019,SUV,39112,https://i.i-sgcm.com/cars_used/202104/982570_small.jpg
147800,RX350 Luxury Sunroof,Lexus,21660,05-Feb-2016,SUV,73000,https://i.i-sgcm.com/cars_used/202103/978957_small.jpg
116800,3 Series 335i M-Sport Sunroof (New 10-yr COE),BMW,11670,19-Apr-2012,Luxury,92976,https://i.i-sgcm.com/cars_used/202103/978499_small.jpg
52800,3 1.5A Sunroof,Mazda,8800,20-Dec-2016,Sedan,72673,https://i.i-sgcm.com/cars_used/202103/978346_small.jpg
53800,C-Class C200 Avantgarde,Mercedes-Benz,14890,03-Jun-2013,Luxury,118191,https://i.i-sgcm.com/cars_used/202103/973015_small.jpg
116800,Harrier 2.0A Turbo M,Toyota,13830,11-Oct-2018,SUV,70000,https://i.i-sgcm.com/cars_used/202108/1021369_small.jpg
18200,Civic 1.8A VTi-S G (COE till 01/2024),Honda,7500,13-Jan-2009,Sedan,130000,https://i.i-sgcm.com/cars_used/202108/1020417_small.jpg
40800,2 HB 1.5A,Mazda,9740,16-Jul-2015,Hatchback,39000,https://i.i-sgcm.com/cars_used/202108/1019752_small.jpg
7800,Stream 1.8A (COE till 04/2022),Honda,11080,24-Apr-2007,MPV,117000,https://i.i-sgcm.com/cars_used/202108/1019607_small.jpg
54800,Lancer 1.6M (COE till 03/2029),Mitsubishi,7170,19-May-2009,Sedan,131000,https://i.i-sgcm.com/cars_used/202107/1018125_small.jpg
20800,Avante 1.6A S (COE till 01/2025),Hyundai,6070,11-Jan-2010,Sedan,167000,https://i.i-sgcm.com/cars_used/202107/1017987_small.jpg
27800,Fit 1.3A G Skyroof (COE till 07/2025),Honda,7070,16-Jul-2010,Hatchback,132000,https://i.i-sgcm.com/cars_used/202107/1016920_small.jpg
105800,6 2.0A,Mazda,10400,30-Sep-2020,Luxury,9000,https://i.i-sgcm.com/cars_used/202107/1016301_small.jpg
174500,5 Series 530i M-Sport,BMW,21250,04-Oct-2017,Luxury,55360,https://i.i-sgcm.com/cars_used/202107/1016144_small.jpg
18800,Fit 1.3A G (COE till 10/2023),Honda,8520,24-Oct-2008,Hatchback,123000,https://i.i-sgcm.com/cars_used/202107/1015995_small.jpg
109800,Previa 2.4A Aeras Luxury Moonroof,Toyota,15030,28-Jul-2017,MPV,49727,https://i.i-sgcm.com/cars_used/202107/1013173_small.jpg
21800,Wish 1.8A (COE till 01/2024),Toyota,8980,13-Jan-2009,MPV,150000,https://i.i-sgcm.com/cars_used/202107/1013030_small.jpg
76800,Cooper D 1.5A 5DR,MINI,14390,14-Jul-2016,Hatchback,72642,https://i.i-sgcm.com/cars_used/202107/1013019_small.jpg
65800,Odyssey 2.4A EXV-S Sunroof,Honda,14210,06-Mar-2015,MPV,88000,https://i.i-sgcm.com/cars_used/202107/1012822_small.jpg
57800,Corolla Altis 1.6A,Toyota,10170,29-Apr-2016,Sedan,83288,https://i.i-sgcm.com/cars_used/202107/1010913_small.jpg
68888,Accent 1.4A,Hyundai,7510,28-Feb-2020,Sedan,16000,https://i.i-sgcm.com/cars_used/202106/1008814_small.jpg
54800,Shuttle 1.5A G,Honda,9430,10-Jan-2017,Stationwagon,62000,https://i.i-sgcm.com/cars_used/202106/1008254_small.jpg
87699,E-Class E250 CGI Elegance (COE till 08/2030),Mercedes-Benz,9670,26-Oct-2010,Luxury,114000,https://i.i-sgcm.com/cars_used/202106/1007107_small.jpg
123700,Octavia 2.0A TSI RS,Skoda,13010,06-Dec-2019,Sedan,22000,https://i.i-sgcm.com/cars_used/202106/1001737_small.jpg
63900,Wish 1.8A,Toyota,10730,16-Aug-2016,MPV,73000,https://i.i-sgcm.com/cars_used/202106/1001239_small.jpg
71800,Crossland 1.2A X Turbo Enjoy,Opel,7810,11-Jun-2019,SUV,60000,https://i.i-sgcm.com/cars_used/202105/999058_small.jpg
107800,S90 T5 Momentum,Volvo,14970,25-Apr-2017,Luxury,88000,https://i.i-sgcm.com/cars_used/202105/999038_small.jpg
141800,Cooper S Cabriolet 2.0A,MINI,17890,27-Apr-2018,Sports,28000,https://i.i-sgcm.com/cars_used/202105/993396_small.jpg
71800,Scirocco 1.4A TSI (New 10-yr COE),Volkswagen,7180,01-Oct-2011,Sports,102000,https://i.i-sgcm.com/cars_used/202104/991207_small.jpg
80800,Vezel Hybrid 1.5A X Brilliant Style,Honda,10820,27-Mar-2018,SUV,42142,https://i.i-sgcm.com/cars_used/202104/991193_small.jpg
59800,Accent 1.4A (OPC),Hyundai,6140,06-Aug-2020,Sedan,1800,https://i.i-sgcm.com/cars_used/202104/990702_small.jpg
50900,Tivoli 1.6A,Ssangyong,8970,29-Feb-2016,SUV,58299,https://i.i-sgcm.com/cars_used/202104/990387_small.jpg
34800,Galaxy 2.0A Ecoboost Ghia,Ford,19430,28-Sep-2012,MPV,86000,https://i.i-sgcm.com/cars_used/202103/975355_small.jpg
60800,Vezel 1.5A X Sensing,Honda,9470,08-May-2017,SUV,48571,https://i.i-sgcm.com/cars_used/202103/975163_small.jpg
212800,GLC-Class GLC43 Coupe AMG 4MATIC,Mercedes-Benz,26860,26-Oct-2017,SUV,45895,https://i.i-sgcm.com/cars_used/202101/960735_small.jpg
60998,Qashqai 1.2A DIG-T,Nissan,9600,31-Mar-2017,SUV,65295,https://i.i-sgcm.com/cars_used/202004/900596_small.jpg
52800,3 1.5A Sunroof,Mazda,9640,30-Jun-2016,Sedan,94657,https://i.i-sgcm.com/cars_used/202108/1021172_small.jpg
69800,ES250 Luxury Sunroof,Lexus,15700,10-Jul-2014,Luxury,110000,https://i.i-sgcm.com/cars_used/202108/1019837_small.jpg
27800,Wish 1.8A X (COE till 08/2024),Toyota,9140,24-Aug-2009,MPV,152000,https://i.i-sgcm.com/cars_used/202108/1019333_small.jpg
74699,Dyna 150 3.0M,Toyota,9670,30-Apr-2019,Truck,65000,https://i.i-sgcm.com/cars_used/202107/1018777_small.jpg
101800,Harrier 2.0A Turbo G Panoramic,Toyota,13160,27-Sep-2017,SUV,60000,https://i.i-sgcm.com/cars_used/202107/1017478_small.jpg
206800,GLC-Class GLC200,Mercedes-Benz,20000,24-Jul-2020,SUV,12232,https://i.i-sgcm.com/cars_used/202107/1016806_small.jpg
129800,C-Class C180 Avantgarde,Mercedes-Benz,15630,26-Jun-2018,Luxury,49173,https://i.i-sgcm.com/cars_used/202107/1016680_small.jpg
119599,GLA-Class GLA180 Urban Edition,Mercedes-Benz,12990,15-Aug-2019,SUV,27000,https://i.i-sgcm.com/cars_used/202107/1015043_small.jpg
49800,Corolla Altis 1.6A Elegance (COE till 09/2029),Toyota,6120,28-Sep-2009,Sedan,113000,https://i.i-sgcm.com/cars_used/202107/1012988_small.jpg
43800,5 Series 520i,BMW,17800,12-Dec-2012,Luxury,83000,https://i.i-sgcm.com/cars_used/202107/1012267_small.jpg
51500,Teana 2.0A XL,Nissan,9440,18-Sep-2015,Luxury,111932,https://i.i-sgcm.com/cars_used/202107/1011023_small.jpg
32800,Corolla Altis 1.6A (COE till 07/2026),Toyota,6660,13-Jul-2006,Sedan,145000,https://i.i-sgcm.com/cars_used/202107/1010550_small.jpg
58800,ASX 2.0A,Mitsubishi,9770,30-Aug-2016,SUV,41268,https://i.i-sgcm.com/cars_used/202107/1010486_small.jpg
261800,Levante Diesel 3.0A,Maserati,30060,07-Aug-2017,SUV,55000,https://i.i-sgcm.com/cars_used/202107/1010329_small.jpg
92800,Beetle 1.2A TSI Sunroof,Volkswagen,10950,26-Feb-2019,Hatchback,56392,https://i.i-sgcm.com/cars_used/202107/1010167_small.jpg
19800,Corolla Altis 1.6A (COE till 02/2024),Toyota,7760,27-Feb-2009,Sedan,145300,https://i.i-sgcm.com/cars_used/202106/1008765_small.jpg
59800,5 2.0A Sunroof,Mazda,9920,29-Jul-2016,MPV,62160,https://i.i-sgcm.com/cars_used/202106/1008723_small.jpg
38000,Cooper S Countryman 1.6A,MINI,17710,07-Dec-2012,Sports,151000,https://i.i-sgcm.com/cars_used/202106/1005472_small.jpg
181800,GLB-Class GLB200 AMG Line Premium 7-Seater,Mercedes-Benz,17760,16-Sep-2020,SUV,16888,https://i.i-sgcm.com/cars_used/202106/1004991_small.jpg
62888,Sienta Hybrid 1.5A G,Toyota,10710,31-Mar-2017,MPV,41367,https://i.i-sgcm.com/cars_used/202106/1004457_small.jpg
156800,4 Series 420i Gran Coupe Luxury,BMW,15950,16-Oct-2019,Luxury,19000,https://i.i-sgcm.com/cars_used/202106/1001264_small.jpg
54800,308 SW 1.2A PureTech Allure,Peugeot,8860,13-Apr-2017,Stationwagon,71000,https://i.i-sgcm.com/cars_used/202106/1000913_small.jpg
48800,Wish 1.8A (COE till 05/2026),Toyota,10140,18-Jul-2011,MPV,80000,https://i.i-sgcm.com/cars_used/202105/999173_small.jpg
35800,Cerato Forte 1.6A EX (COE till 05/2026),Kia,7440,13-Jun-2011,Sedan,150000,https://i.i-sgcm.com/cars_used/202105/996859_small.jpg
209800,Rover Range Rover Sport Diesel 3.0A 7-Seater,Land,26130,29-Jul-2016,SUV,78000,https://i.i-sgcm.com/cars_used/202105/994808_small.jpg
71800,Cooper 1.6A (New 10-yr COE),MINI,7180,14-Jul-2011,Hatchback,86000,https://i.i-sgcm.com/cars_used/202105/992606_small.jpg
68800,Alphard 2.4A S Moonroof,Toyota,16800,17-Jun-2014,MPV,81000,https://i.i-sgcm.com/cars_used/202104/990441_small.jpg
158800,Alphard 2.5A X 8-Seater,Toyota,16400,15-Nov-2019,MPV,22000,https://i.i-sgcm.com/cars_used/202104/987446_small.jpg
53800,Forester 2.0i-L Sunroof,Subaru,11800,30-Jul-2015,SUV,88000,https://i.i-sgcm.com/cars_used/202104/985959_small.jpg
122888,Camry 2.5A,Toyota,12150,05-Feb-2020,Luxury,8000,https://i.i-sgcm.com/cars_used/202108/1021370_small.jpg
23800,Golf 1.4A TSI,Volkswagen,14870,12-Jun-2012,Hatchback,128607,https://i.i-sgcm.com/cars_used/202108/1021365_small.jpg
74800,Sylphy 1.6A,Nissan,8210,11-Sep-2019,Sedan,11000,https://i.i-sgcm.com/cars_used/202106/1008908_small.jpg
58800,Hiace Commuter 3.0A,Toyota,11280,25-Oct-2016,Bus,39719,https://i.i-sgcm.com/cars_used/202107/1018389_small.jpg
75000,One 1.2A 5DR,MINI,12930,09-Dec-2016,Hatchback,59300,https://i.i-sgcm.com/cars_used/202107/1015226_small.jpg
63800,Note 1.2A,Nissan,7700,24-Jul-2019,Hatchback,15400,https://i.i-sgcm.com/cars_used/202107/1015183_small.jpg
116000,Harrier 2.0A Turbo G Panoramic,Toyota,14050,25-Jun-2018,SUV,39775,https://i.i-sgcm.com/cars_used/202107/1015148_small.jpg
68000,Civic 1.6A VTi,Honda,9920,30-May-2017,Sedan,77000,https://i.i-sgcm.com/cars_used/202107/1015132_small.jpg
42800,C-Class C180 Coupe,Mercedes-Benz,19000,04-Feb-2013,Sports,119000,https://i.i-sgcm.com/cars_used/202107/1015130_small.jpg
59800,Mobilio 1.5A RS i-VTEC Luxe,Honda,10020,19-Aug-2016,MPV,86000,https://i.i-sgcm.com/cars_used/202107/1014872_small.jpg
80300,HR-V 1.5A LX,Honda,8970,18-Apr-2019,SUV,53000,https://i.i-sgcm.com/cars_used/202106/1008735_small.jpg
87800,X-Trail 2.0A Premium 7-Seater Sunroof,Nissan,11670,28-Dec-2017,SUV,113339,https://i.i-sgcm.com/cars_used/202105/999832_small.jpg
113800,A4 2.0A TFSI S-tronic,Audi,14070,24-Apr-2018,Luxury,54339,https://i.i-sgcm.com/cars_used/202105/999031_small.jpg
66800,Corolla Axio Hybrid 1.5A,Toyota,10250,16-Nov-2017,Sedan,39339,https://i.i-sgcm.com/cars_used/202105/994679_small.jpg
93000,Vezel 1.5A X,Honda,9080,19-Mar-2021,SUV,500,https://i.i-sgcm.com/cars_used/202105/994013_small.jpg
66500,IS250 (COE till 01/2029),Lexus,8880,15-Apr-2009,Luxury,170013,https://i.i-sgcm.com/cars_used/202108/1021302_small.jpg
252000,CLS-Class CLS350 Coupe Mild Hybrid Sunroof,Mercedes-Benz,25620,17-Dec-2018,Luxury,43633,https://i.i-sgcm.com/cars_used/202108/1021295_small.jpg
190000,Cayenne 3.6A Tip,Porsche,32640,15-Sep-2015,SUV,104000,https://i.i-sgcm.com/cars_used/202108/1021243_small.jpg
47800,Lancer EX 1.6A,Mitsubishi,8670,29-Apr-2016,Sedan,104000,https://i.i-sgcm.com/cars_used/202108/1021076_small.jpg
60800,A3 Sedan 1.4A TFSI S-tronic Ambiente,Audi,11480,31-Dec-2015,Luxury,85000,https://i.i-sgcm.com/cars_used/202108/1020653_small.jpg
57800,Shuttle 1.5A G,Honda,9250,11-May-2017,Stationwagon,45295,https://i.i-sgcm.com/cars_used/202108/1020568_small.jpg
54800,3 1.5A Sunroof,Mazda,8600,29-May-2017,Sedan,71000,https://i.i-sgcm.com/cars_used/202108/1019251_small.jpg
140800,C-Class C180 Avantgarde,Mercedes-Benz,15260,07-Jun-2019,Luxury,20000,https://i.i-sgcm.com/cars_used/202108/1019185_small.jpg
75515,Fit Hybrid 1.5A,Honda,9920,26-Oct-2018,Hatchback,43000,https://i.i-sgcm.com/cars_used/202107/1017170_small.jpg
18000,Corolla Axio 1.5A X Special Edition (COE till 02/2024),Toyota,7130,18-Feb-2009,Sedan,120000,https://i.i-sgcm.com/cars_used/202107/1017044_small.jpg
29500,Fit 1.3A G (COE till 03/2025),Honda,8100,31-Mar-2010,Hatchback,118000,https://i.i-sgcm.com/cars_used/202107/1017040_small.jpg
54800,Wish 2.0A (COE till 10/2029),Toyota,6660,09-Nov-2009,MPV,120000,https://i.i-sgcm.com/cars_used/202107/1016887_small.jpg
138000,Cayenne S 4.8A Tip (New 10-yr COE),Porsche,13790,02-Sep-2011,SUV,92000,https://i.i-sgcm.com/cars_used/202107/1016576_small.jpg
15800,Picanto 1.1A (COE till 01/2024),Kia,6370,12-Mar-2009,Hatchback,160000,https://i.i-sgcm.com/cars_used/202107/1016331_small.jpg
82800,X3 sDrive20i,BMW,15930,12-Aug-2015,SUV,115000,https://i.i-sgcm.com/cars_used/202107/1016268_small.jpg
115800,1 Series 118i 5DR M-Sport,BMW,12990,25-Apr-2019,Hatchback,25000,https://i.i-sgcm.com/cars_used/202107/1015965_small.jpg
73500,Forester 2.0i-L Sunroof,Subaru,10070,28-Mar-2018,SUV,66000,https://i.i-sgcm.com/cars_used/202107/1015930_small.jpg
151000,CX-9 2.5A Turbo,Mazda,16480,08-Jul-2019,SUV,17286,https://i.i-sgcm.com/cars_used/202107/1015696_small.jpg
153500,E-Class E200 Avantgarde,Mercedes-Benz,18140,19-Mar-2018,Luxury,55000,https://i.i-sgcm.com/cars_used/202107/1015530_small.jpg
100800,Civic 1.5A VTEC Turbo Sunroof,Honda,11760,15-Nov-2018,Sedan,60000,https://i.i-sgcm.com/cars_used/202107/1015505_small.jpg
74800,Stonic 1.0T EX,Kia,9060,16-May-2019,SUV,23000,https://i.i-sgcm.com/cars_used/202107/1015115_small.jpg
61800,Cerato K3 1.6A SX Sunroof,Kia,8670,27-Oct-2017,Sedan,27000,https://i.i-sgcm.com/cars_used/202107/1014922_small.jpg
78800,Civic Type R 2.0M 3DR (COE till 03/2029),Honda,10390,09-Mar-2009,Sports,145000,https://i.i-sgcm.com/cars_used/202107/1014814_small.jpg
93800,4 Series 428i Coupe M-Sport,BMW,21540,16-Jul-2014,Sports,98000,https://i.i-sgcm.com/cars_used/202107/1014470_small.jpg
142800,4 Series 420i Coupe Sport,BMW,18190,25-Jan-2018,Sports,20000,https://i.i-sgcm.com/cars_used/202107/1014468_small.jpg
54800,Q5 2.0A TFSI Quattro,Audi,16410,19-Apr-2013,SUV,88000,https://i.i-sgcm.com/cars_used/202107/1013153_small.jpg
26800,Corolla Altis 1.6A (COE till 11/2024),Toyota,8090,15-Mar-2010,Sedan,112000,https://i.i-sgcm.com/cars_used/202107/1013152_small.jpg
24800,Cerato Forte 1.6A EX (COE till 10/2024),Kia,7700,28-Oct-2009,Sedan,136000,https://i.i-sgcm.com/cars_used/202107/1012872_small.jpg
108800,Odyssey 2.4A EX-S 8-Seater,Honda,13570,12-Jun-2018,MPV,34000,https://i.i-sgcm.com/cars_used/202107/1012834_small.jpg
72888,TT Coupe 2.0A TFSI S-tronic (COE till 03/2029),Audi,9530,08-Jun-2009,Sports,135555,https://i.i-sgcm.com/cars_used/202107/1011819_small.jpg
56800,Cerato K3 1.6A EX,Kia,8340,22-Aug-2017,Sedan,73000,https://i.i-sgcm.com/cars_used/202107/1011395_small.jpg
81800,Vezel Hybrid 1.5A X,Honda,10890,27-Apr-2018,SUV,51000,https://i.i-sgcm.com/cars_used/202107/1010844_small.jpg
33800,Vios 1.5A E (COE till 05/2026),Toyota,7030,30-May-2011,Sedan,145300,https://i.i-sgcm.com/cars_used/202107/1010435_small.jpg
121800,X3 sDrive20i M-Sport Sunroof,BMW,17360,29-Jun-2017,SUV,68000,https://i.i-sgcm.com/cars_used/202107/1010282_small.jpg
68500,2 Series 216d Gran Tourer Luxury,BMW,12670,30-Dec-2015,MPV,87000,https://i.i-sgcm.com/cars_used/202106/1009857_small.jpg
113500,2 Series 216i Gran Tourer,BMW,12130,14-Jun-2019,MPV,30000,https://i.i-sgcm.com/cars_used/202106/1009270_small.jpg
47800,Latio 1.5A (COE till 09/2029),Nissan,5870,02-Oct-2009,Sedan,128000,https://i.i-sgcm.com/cars_used/202106/1008507_small.jpg
128800,Harrier 2.0A Premium Turbo Panoramic,Toyota,13610,27-Jun-2019,SUV,21900,https://i.i-sgcm.com/cars_used/202106/1008112_small.jpg
81800,Harrier 2.0A Elegance Panoramic,Toyota,13040,19-Oct-2016,SUV,40000,https://i.i-sgcm.com/cars_used/202106/1007832_small.jpg
144800,GLC-Class GLC250 AMG Line 4MATIC Sunroof,Mercedes-Benz,20820,28-Apr-2017,SUV,46000,https://i.i-sgcm.com/cars_used/202106/1007827_small.jpg
43800,Corolla Altis 1.6A (COE till 05/2028),Toyota,6440,27-May-2008,Sedan,122312,https://i.i-sgcm.com/cars_used/202106/1006457_small.jpg
66800,CLA-Class CLA180,Mercedes-Benz,16970,22-Dec-2014,Luxury,65000,https://i.i-sgcm.com/cars_used/202106/1005799_small.jpg
71500,Civic 1.6A VTi,Honda,10410,23-Jun-2017,Sedan,72000,https://i.i-sgcm.com/cars_used/202106/1004370_small.jpg
85800,1 Series 116d,BMW,10410,30-Apr-2018,Hatchback,88000,https://i.i-sgcm.com/cars_used/202106/1001936_small.jpg
63800,3 Series 316i,BMW,14570,10-Apr-2015,Luxury,78000,https://i.i-sgcm.com/cars_used/202106/1001580_small.jpg
73800,Vios 1.5A E,Toyota,8380,30-Jul-2019,Sedan,17000,https://i.i-sgcm.com/cars_used/202105/1000023_small.jpg
75800,C-HR Hybrid 1.8A S,Toyota,11720,10-Nov-2017,SUV,58339,https://i.i-sgcm.com/cars_used/202105/998541_small.jpg
147800,GLA-Class GLA45 AMG 4MATIC+,Mercedes-Benz,25070,31-Dec-2015,SUV,72000,https://i.i-sgcm.com/cars_used/202105/997534_small.jpg
65515,3 HB 2.0A Sport Sunroof,Mazda,10340,16-Nov-2016,Hatchback,76000,https://i.i-sgcm.com/cars_used/202105/996287_small.jpg
62800,6 2.0A,Mazda,11190,18-May-2016,Luxury,32400,https://i.i-sgcm.com/cars_used/202105/995107_small.jpg
68800,Space Star 1.2A,Mitsubishi,7390,22-Jul-2020,Hatchback,10000,https://i.i-sgcm.com/cars_used/202105/993946_small.jpg
53800,Aqua Hybrid 1.5A,Toyota,9590,15-Dec-2016,Hatchback,37000,https://i.i-sgcm.com/cars_used/202105/993617_small.jpg
54800,NV200 1.6A DX,Nissan,5660,13-Apr-2021,Van,1001,https://i.i-sgcm.com/cars_used/202104/990610_small.jpg
79800,Civic 1.5A VTEC Turbo Sunroof,Honda,12390,03-Jan-2017,Sedan,70000,https://i.i-sgcm.com/cars_used/202104/985590_small.jpg
94800,2 Series 225xe Plug-in Hybrid Active Tourer,BMW,12820,13-Dec-2017,Hatchback,50000,https://i.i-sgcm.com/cars_used/202104/984384_small.jpg
192000,5 Series 520i,BMW,19890,13-Aug-2019,Luxury,4900,https://i.i-sgcm.com/cars_used/202103/977610_small.jpg
119800,Alphard 2.5A X,Toyota,16150,06-Sep-2017,MPV,35000,https://i.i-sgcm.com/cars_used/202103/973499_small.jpg
42500,S60 T4,Volvo,12530,24-Sep-2013,Luxury,80000,https://i.i-sgcm.com/cars_used/202108/1021364_small.jpg
125800,E-Class E200 Coupe,Mercedes-Benz,20090,11-May-2016,Sports,41000,https://i.i-sgcm.com/cars_used/202108/1021348_small.jpg
36800,Rush 1.5A (COE till 03/2027),Toyota,6520,24-Apr-2007,SUV,151000,https://i.i-sgcm.com/cars_used/202108/1019409_small.jpg
50500,New Beetle 1.6A (COE till 01/2029),Volkswagen,6790,13-Jan-2009,Hatchback,83000,https://i.i-sgcm.com/cars_used/202107/1016196_small.jpg
163800,X4 xDrive28i M-Sport,BMW,20040,27-Dec-2017,SUV,120000,https://i.i-sgcm.com/cars_used/202107/1015235_small.jpg
66800,E-Class E200 CGI Cabriolet,Mercedes-Benz,63050,10-Apr-2012,Luxury,76000,https://i.i-sgcm.com/cars_used/202107/1015225_small.jpg
80800,Vito 114 CDI,Mercedes-Benz,10720,20-Feb-2019,Van,31482,https://i.i-sgcm.com/cars_used/202107/1015171_small.jpg
20500,Corolla Axio 1.5A X (COE till 08/2024),Toyota,6690,02-Sep-2009,Sedan,145000,https://i.i-sgcm.com/cars_used/202107/1015084_small.jpg
10800,Jazz 1.3A (COE till 12/2022),Honda,7740,02-Jan-2008,Hatchback,222142,https://i.i-sgcm.com/cars_used/202107/1012420_small.jpg
82800,CLA-Class CLA180,Mercedes-Benz,14600,17-May-2016,Luxury,72000,https://i.i-sgcm.com/cars_used/202106/1004753_small.jpg
12800,ISIS 1.8A LX (COE till 01/2023),Toyota,8680,30-Jan-2008,MPV,191200,https://i.i-sgcm.com/cars_used/202106/1004433_small.jpg
85800,C3 Aircross 1.2A PureTech Shine,Citroen,9220,26-Nov-2019,SUV,11800,https://i.i-sgcm.com/cars_used/202106/1001432_small.jpg
83800,Corolla Altis 1.6A Elegance (OPC),Toyota,7870,27-Oct-2020,Sedan,4500,https://i.i-sgcm.com/cars_used/202105/991947_small.jpg
63500,Jazz 1.5A RS (OPC),Honda,7850,14-Aug-2018,Hatchback,11981,https://i.i-sgcm.com/cars_used/202104/989881_small.jpg
66800,A1 1.4A TFSI S-tronic (COE till 04/2031),Audi,6870,06-May-2011,Hatchback,100000,https://i.i-sgcm.com/cars_used/202104/989776_small.jpg
32500,Fairlady 350Z Roadster (COE till 06/2023),Nissan,17320,26-Jun-2008,Sports,121132,https://i.i-sgcm.com/cars_used/202107/1011079_small.jpg
35800,Note 1.2A (OPC),Nissan,7610,24-Dec-2015,Hatchback,20040,https://i.i-sgcm.com/cars_used/202105/998331_small.jpg
38800,Elantra 1.6A Elite,Hyundai,9820,08-Nov-2014,Sedan,90000,https://i.i-sgcm.com/cars_used/202107/1016195_small.jpg
60800,Scirocco 1.4A TSI (COE till 09/2030),Volkswagen,6650,07-Jan-2011,Sports,109814,https://i.i-sgcm.com/cars_used/202107/1014615_small.jpg
81500,Carens Diesel 1.7A SX,Kia,10360,09-Jul-2018,MPV,51000,https://i.i-sgcm.com/cars_used/202106/1003791_small.jpg
51000,Vitara 1.6M JLX (COE till 03/2027),Suzuki,9040,03-Nov-1997,SUV,150709,https://i.i-sgcm.com/cars_used/202106/1002307_small.jpg
198888,John Cooper Works Countryman 2.0A,MINI,21110,21-Oct-2019,Sports,6000,https://i.i-sgcm.com/cars_used/202106/1002275_small.jpg
49777,Corolla Altis 1.6A Classic,Toyota,9320,28-Dec-2015,Sedan,70000,https://i.i-sgcm.com/cars_used/202106/1002264_small.jpg
49800,Wish 1.8A (New 5-yr COE),Toyota,9950,30-Jan-2012,MPV,131800,https://i.i-sgcm.com/cars_used/202106/1002256_small.jpg
88888,A6 1.8A TFSI Ultra S-tronic,Audi,14720,18-Mar-2016,Luxury,106000,https://i.i-sgcm.com/cars_used/202106/1002217_small.jpg
205988,A6 Plug-in Hybrid 2.0A 50 TFSI e Quattro S-Tronic Sport,Audi,17880,04-Jun-2021,Luxury,48,https://i.i-sgcm.com/cars_used/202106/1002215_small.jpg
213800,M Series M6 Coupe (New 10-yr COE),BMW,21370,30-Jan-2013,Sports,76000,https://i.i-sgcm.com/cars_used/202106/1002212_small.jpg
83300,Civic 1.6A VTi,Honda,9860,17-Jan-2019,Sedan,25110,https://i.i-sgcm.com/cars_used/202106/1002211_small.jpg
504988,G-Class G400d AMG Line 4MATIC Premium,Mercedes-Benz,42700,03-Jun-2021,SUV,652,https://i.i-sgcm.com/cars_used/202106/1002174_small.jpg
69000,Aqua Hybrid 1.5A S,Toyota,9700,08-Mar-2018,Hatchback,40000,https://i.i-sgcm.com/cars_used/202106/1002172_small.jpg
71888,Note 1.2A,Nissan,7700,11-Aug-2020,Hatchback,10123,https://i.i-sgcm.com/cars_used/202106/1002166_small.jpg
81688,C-HR Hybrid 1.8A S,Toyota,11150,29-Jun-2018,SUV,45000,https://i.i-sgcm.com/cars_used/202106/1002124_small.jpg
64800,MX-5 Roadster 2.0A RHT (COE till 05/2028),Mazda,9530,26-May-2008,Sports,139899,https://i.i-sgcm.com/cars_used/202106/1002114_small.jpg
475000,458 Italia (COE till 06/2030),Ferrari,53400,22-Jan-2011,Sports,66000,https://i.i-sgcm.com/cars_used/202106/1002112_small.jpg
109800,Corolla Hybrid 1.8A Ascent Sport,Toyota,10970,15-Oct-2020,Sedan,13000,https://i.i-sgcm.com/cars_used/202106/1002102_small.jpg
37838,Fuso Canter FE83 (COE till 08/2025),Mitsubishi,9490,04-Aug-2010,Truck,180000,https://i.i-sgcm.com/cars_used/202106/1002087_small.jpg
147000,2 Series 218i Gran Coupe Luxury,BMW,13510,30-Nov-2020,Luxury,6000,https://i.i-sgcm.com/cars_used/202106/1002081_small.jpg
249000,R8 GT Spyder 5.2A FSI Quattro R-tronic,Audi,133710,22-May-2012,Sports,90000,https://i.i-sgcm.com/cars_used/202106/1002034_small.jpg
41800,Jetta 1.4A TSI,Volkswagen,10110,15-Apr-2015,Sedan,115000,https://i.i-sgcm.com/cars_used/202106/1002002_small.jpg
490000,M Series M850i Gran Coupe xDrive,BMW,46770,12-Mar-2020,Sports,4000,https://i.i-sgcm.com/cars_used/202106/1001988_small.jpg
95800,S-Class S300L Sunroof (COE till 07/2030),Mercedes-Benz,10770,02-Jul-2010,Luxury,114100,https://i.i-sgcm.com/cars_used/202106/1001947_small.jpg
81000,Sienta 1.5A Standard,Toyota,9300,17-May-2019,MPV,33000,https://i.i-sgcm.com/cars_used/202106/1001941_small.jpg
108000,Civic HB 1.5M VTEC Turbo Sport,Honda,14460,28-Dec-2017,Hatchback,59000,https://i.i-sgcm.com/cars_used/202106/1001931_small.jpg
88888,Vezel Hybrid 1.5A RS Sensing,Honda,11210,25-Jun-2018,SUV,3300,https://i.i-sgcm.com/cars_used/202105/995312_small.jpg
55555,Corolla Altis 1.6A,Toyota,9840,04-May-2016,Sedan,71685,https://i.i-sgcm.com/cars_used/202105/992458_small.jpg
84800,5 Series 523i Highline (COE till 02/2031),BMW,8870,30-Mar-2011,Luxury,123000,https://i.i-sgcm.com/cars_used/202105/991743_small.jpg
84888,Cooper S 1.6A (New 10-yr COE),MINI,8480,28-Dec-2011,Sports,80000,https://i.i-sgcm.com/cars_used/202104/989007_small.jpg
60800,1 Series 116d,BMW,12540,28-Jan-2016,Hatchback,137127,https://i.i-sgcm.com/cars_used/202103/981483_small.jpg
181988,GLB-Class GLB200 AMG Line 7-Seater,Mercedes-Benz,16620,30-Mar-2021,SUV,11,https://i.i-sgcm.com/cars_used/202103/981461_small.jpg
70288,Vellfire 2.4A Z Platinum Selection (COE till 09/2029),Toyota,8630,13-May-2010,MPV,116000,https://i.i-sgcm.com/cars_used/202103/981434_small.jpg
56000,IS250 (COE till 06/2028),Lexus,8120,26-Aug-2008,Luxury,151200,https://i.i-sgcm.com/cars_used/202103/981388_small.jpg
63800,C-Class C180K (COE till 03/2029),Mercedes-Benz,8340,16-Apr-2009,Luxury,170000,https://i.i-sgcm.com/cars_used/202103/981274_small.jpg
77800,Scirocco GP 1.4A TSI,Volkswagen,11300,17-Aug-2017,Sports,59400,https://i.i-sgcm.com/cars_used/202103/978832_small.jpg
65800,Touran Sport 1.4A TSI (New 10-yr COE),Volkswagen,6580,18-Nov-2011,MPV,147000,https://i.i-sgcm.com/cars_used/202103/978625_small.jpg
86888,ES250 Executive Sunroof,Lexus,14930,30-Dec-2015,Luxury,100001,https://i.i-sgcm.com/cars_used/202103/974683_small.jpg
53800,Cerato K3 1.6A (OPC),Kia,7560,07-Dec-2017,Sedan,11000,https://i.i-sgcm.com/cars_used/202102/966352_small.jpg
69800,Crossland 1.2A X Turbo Enjoy (OPC),Opel,6930,18-Dec-2019,SUV,8982,https://i.i-sgcm.com/cars_used/202101/962937_small.jpg
103500,Passat 1.8A TSI,Volkswagen,10450,19-Dec-2019,Luxury,34000,https://i.i-sgcm.com/cars_used/202101/962904_small.jpg
89688,Cayenne 3.6A Tip (COE till 04/2029),Porsche,11600,07-May-2009,SUV,116776,https://i.i-sgcm.com/cars_used/202101/962813_small.jpg
420000,911 GT3 RS (COE till 03/2028),Porsche,63560,18-Mar-2008,Sports,60390,https://i.i-sgcm.com/cars_used/202101/962755_small.jpg
1300000,911 Speedster 4.0M,Porsche,114860,11-Nov-2020,Sports,120,https://i.i-sgcm.com/cars_used/202101/959875_small.jpg
104500,Q7 3.0A TFSI Quattro,Audi,29080,14-Aug-2013,SUV,56800,https://i.i-sgcm.com/cars_used/202012/952631_small.jpg
850000,458 Speciale,Ferrari,193750,15-Jul-2014,Sports,15000,https://i.i-sgcm.com/cars_used/202011/945466_small.jpg
224988,Vellfire 2.5A X Welcab,Toyota,21950,11-Sep-2020,MPV,652,https://i.i-sgcm.com/cars_used/202009/927015_small.jpg
59998,Romeo Spider 2000 (COE till 02/2022),Alfa,107880,18-Jul-1974,Sports,57833,https://i.i-sgcm.com/cars_used/202009/925918_small.jpg
620000,F12berlinetta 6.3A,Ferrari,215180,14-May-2013,Sports,39800,https://i.i-sgcm.com/cars_used/201910/862645_small.jpg
158800,RX Turbo RX200t Executive,Lexus,19460,28-Feb-2018,SUV,39000,https://i.i-sgcm.com/cars_used/202108/1021358_small.jpg
132800,Noah Hybrid 1.8A X,Toyota,12130,06-Aug-2021,MPV,281,https://i.i-sgcm.com/cars_used/202108/1021363_small.jpg
19000,Avante 1.6A S (COE till 03/2024),Hyundai,7220,28-Mar-2009,Sedan,153354,https://i.i-sgcm.com/cars_used/202108/1021199_small.jpg
32800,Previa 2.4A,Toyota,18570,30-May-2012,MPV,100000,https://i.i-sgcm.com/cars_used/202107/1017352_small.jpg
49800,S-Max 2.3A Trend (COE till 02/2026),Ford,10950,25-Feb-2011,MPV,100000,https://i.i-sgcm.com/cars_used/202107/1014687_small.jpg
56800,Pulsar 1.2A DIG-T Premium,Nissan,8590,12-Oct-2017,Hatchback,63000,https://i.i-sgcm.com/cars_used/202107/1012860_small.jpg
17800,Jazz 1.3A L,Honda,13610,08-Mar-2012,Hatchback,100000,https://i.i-sgcm.com/cars_used/202107/1013494_small.jpg
239800,A-Class A35 AMG 4MATIC Premium,Mercedes-Benz,21670,06-May-2021,Sports,2730,https://i.i-sgcm.com/cars_used/202106/1008459_small.jpg
17300,2 HB 1.5A R (COE till 11/2023),Mazda,7490,01-Dec-2008,Hatchback,134000,https://i.i-sgcm.com/cars_used/202106/1005785_small.jpg
54888,3 1.5A Deluxe,Mazda,9530,26-Aug-2016,Sedan,70000,https://i.i-sgcm.com/cars_used/202108/1021361_small.jpg
188800,Exige Cup 260 (New 10-yr COE),Lotus,18870,27-Feb-2012,Sports,32000,https://i.i-sgcm.com/cars_used/202108/1021360_small.jpg
75800,3 1.5A Deluxe,Mazda,9050,31-Dec-2018,Sedan,78000,https://i.i-sgcm.com/cars_used/202108/1021357_small.jpg
80800,Forester 2.0i-L Sunroof,Subaru,10500,28-Aug-2018,SUV,41800,https://i.i-sgcm.com/cars_used/202108/1021356_small.jpg
50000,Lancer 1.6A (COE till 08/2029),Mitsubishi,6230,17-Aug-2009,Sedan,128200,https://i.i-sgcm.com/cars_used/202108/1021355_small.jpg
77800,308 1.6M GTI Turbo Glass Roof (New 10-yr COE),Peugeot,7780,30-Mar-2012,Sports,93300,https://i.i-sgcm.com/cars_used/202108/1021349_small.jpg
81800,Vezel 1.5A X,Honda,9560,23-Apr-2019,SUV,25000,https://i.i-sgcm.com/cars_used/202107/1016540_small.jpg
122000,B-Class B200,Mercedes-Benz,15640,21-Mar-2018,Hatchback,3000,https://i.i-sgcm.com/cars_used/202107/1015803_small.jpg
8800,Stream 1.8A RSZ (COE till 07/2022),Honda,9790,04-Jul-2007,MPV,100000,https://i.i-sgcm.com/cars_used/202107/1015253_small.jpg
103000,Harrier 2.0A Turbo M,Toyota,13460,13-Dec-2017,SUV,66000,https://i.i-sgcm.com/cars_used/202107/1010493_small.jpg
78800,Fit 1.3A,Honda,7880,16-Apr-2021,Hatchback,79,https://i.i-sgcm.com/cars_used/202104/987142_small.jpg
133800,CLA-Class CLA180 Sport,Mercedes-Benz,22530,30-Dec-2016,Luxury,62828,https://i.i-sgcm.com/cars_used/202108/1021353_small.jpg
72800,S60 Diesel D4,Volvo,11410,24-Jan-2017,Luxury,69000,https://i.i-sgcm.com/cars_used/202107/1014592_small.jpg
49800,Space Star 1.2A,Mitsubishi,7930,28-Jul-2017,Hatchback,65450,https://i.i-sgcm.com/cars_used/202105/996273_small.jpg
80800,Vezel 1.5A X,Honda,9120,12-Sep-2019,SUV,19896,https://i.i-sgcm.com/cars_used/202105/993478_small.jpg
42800,Touran Sport 1.4A TSI (New 5-yr COE),Volkswagen,8560,26-Aug-2011,MPV,132000,https://i.i-sgcm.com/cars_used/202108/1021354_small.jpg
28000,Corolla Altis 1.6A (COE till 07/2025),Toyota,7130,13-Jul-2010,Sedan,105000,https://i.i-sgcm.com/cars_used/202108/1021352_small.jpg
86800,E-Class E250 CGI (COE till 01/2029),Mercedes-Benz,11600,01-Apr-2010,Luxury,132000,https://i.i-sgcm.com/cars_used/202108/1021351_small.jpg
53000,Colt Version-R 1.5A Turbo (COE till 10/2027),Mitsubishi,8510,06-Nov-2007,Sports,180000,https://i.i-sgcm.com/cars_used/202108/1021347_small.jpg
58000,Lancer EX 1.6A,Mitsubishi,9000,27-Apr-2017,Sedan,53500,https://i.i-sgcm.com/cars_used/202108/1021319_small.jpg
55988,Elantra 1.6A GLS,Hyundai,8480,17-Jul-2017,Sedan,75000,https://i.i-sgcm.com/cars_used/202107/1018705_small.jpg
65988,Forester 2.0i-L Sunroof,Subaru,10700,17-Jan-2017,SUV,64000,https://i.i-sgcm.com/cars_used/202107/1017431_small.jpg
122800,A4 2.0A TFSI S-tronic,Audi,13360,30-Apr-2019,Luxury,60000,https://i.i-sgcm.com/cars_used/202107/1016843_small.jpg
49988,Jetta GP 1.4A TSI,Volkswagen,9260,10-Dec-2015,Sedan,71000,https://i.i-sgcm.com/cars_used/202107/1016808_small.jpg
72800,Shuttle 1.5A G LED Sensing (OPC),Honda,6950,15-Jul-2021,Stationwagon,71,https://i.i-sgcm.com/cars_used/202107/1016550_small.jpg
68988,Qashqai 1.2A DIG-T,Nissan,10050,26-Sep-2017,SUV,71000,https://i.i-sgcm.com/cars_used/202107/1013195_small.jpg
81800,Sienta 1.5A G,Toyota,9080,25-Sep-2019,MPV,19000,https://i.i-sgcm.com/cars_used/202106/1009803_small.jpg
71988,Sharan 2.0A TSI Sunroof,Volkswagen,12980,31-Mar-2015,MPV,80000,https://i.i-sgcm.com/cars_used/202106/1003095_small.jpg
72500,Forester 2.0i-L Sunroof,Subaru,10660,06-Oct-2017,SUV,49000,https://i.i-sgcm.com/cars_used/202105/995158_small.jpg
76988,C-HR Hybrid 1.8A S,Toyota,10570,25-May-2018,SUV,51000,https://i.i-sgcm.com/cars_used/202105/994239_small.jpg
158800,ES250 Luxury Sunroof,Lexus,16660,16-May-2019,Luxury,24873,https://i.i-sgcm.com/cars_used/202104/988347_small.jpg
229600,911 Carrera Coupe 3.6A PDK (COE till 03/2030),Porsche,26700,15-Mar-2010,Sports,96534,https://i.i-sgcm.com/cars_used/202104/988330_small.jpg
95988,Prius Hybrid 1.8A S,Toyota,10820,01-Jul-2019,Hatchback,22000,https://i.i-sgcm.com/cars_used/202104/988076_small.jpg
109800,Golf R 5DR Sunroof (New 10-yr COE),Volkswagen,10970,08-Feb-2012,Sports,108000,https://i.i-sgcm.com/cars_used/202108/1021343_small.jpg
68800,Astra 1.4A Turbo IntelliLux LED,Opel,9750,02-Nov-2017,Hatchback,51000,https://i.i-sgcm.com/cars_used/202108/1021342_small.jpg
249777,Martin V8 Vantage S Coupe 4.7A Sportshift II (New 10-yr COE),Aston,24960,15-Mar-2012,Sports,36000,https://i.i-sgcm.com/cars_used/202108/1021341_small.jpg
62800,GLA-Class GLA200 Urban Edition,Mercedes-Benz,15230,02-Jan-2015,SUV,75000,https://i.i-sgcm.com/cars_used/202108/1021339_small.jpg
70500,7 Series 740i Sunroof,BMW,23500,17-Dec-2012,Luxury,162000,https://i.i-sgcm.com/cars_used/202108/1021335_small.jpg
51988,A1 Sportback 1.0A TFSI S-tronic,Audi,10240,11-May-2016,Hatchback,75000,https://i.i-sgcm.com/cars_used/202107/1018897_small.jpg
73988,Forester 2.0XT Sunroof,Subaru,11530,28-Mar-2017,SUV,109000,https://i.i-sgcm.com/cars_used/202107/1018882_small.jpg
49800,NV200 1.6A DX,Nissan,6230,05-Aug-2019,Van,22323,https://i.i-sgcm.com/cars_used/202107/1018292_small.jpg
868800,Huracan LP640-4 Performante,Lamborghini,89310,09-Nov-2018,Sports,13890,https://i.i-sgcm.com/cars_used/202107/1018179_small.jpg
268800,Gallardo LP550-2 (COE till 03/2030),Lamborghini,31090,28-Dec-2010,Sports,43000,https://i.i-sgcm.com/cars_used/202107/1017449_small.jpg
54988,Polo GP 1.2A TSI Sunroof,Volkswagen,8340,29-Sep-2017,Hatchback,75000,https://i.i-sgcm.com/cars_used/202107/1016283_small.jpg
83800,2 Series 218d Active Tourer SE,BMW,11580,07-Jul-2017,Hatchback,60000,https://i.i-sgcm.com/cars_used/202107/1012608_small.jpg
92988,3 Mild Hybrid 1.5A Astina,Mazda,10310,16-Sep-2019,Sedan,12000,https://i.i-sgcm.com/cars_used/202107/1011349_small.jpg
146000,ES250 Executive Sunroof,Lexus,16010,22-Mar-2019,Luxury,41273,https://i.i-sgcm.com/cars_used/202107/1010956_small.jpg
53988,A3 Sportback 1.4A TFSI S-tronic Ambiente,Audi,12520,30-Apr-2015,Hatchback,61000,https://i.i-sgcm.com/cars_used/202107/1010747_small.jpg
71988,Prius Hybrid 1.8A,Toyota,10840,21-Jul-2017,Hatchback,50000,https://i.i-sgcm.com/cars_used/202106/1009641_small.jpg
113988,CLA-Class CLA180,Mercedes-Benz,13880,06-Sep-2018,Luxury,18000,https://i.i-sgcm.com/cars_used/202106/1009282_small.jpg
91988,1 Series 116d,BMW,10940,27-Jul-2018,Hatchback,68000,https://i.i-sgcm.com/cars_used/202106/1008617_small.jpg
260800,LS460,Lexus,30060,30-Jun-2017,Luxury,59000,https://i.i-sgcm.com/cars_used/202105/996046_small.jpg
41800,1 Series 116i,BMW,14050,25-Sep-2013,Hatchback,102000,https://i.i-sgcm.com/cars_used/202104/984647_small.jpg
138800,6 Series 650i Coupe (New 10-yr COE),BMW,13870,28-Oct-2011,Sports,100458,https://i.i-sgcm.com/cars_used/202102/966303_small.jpg
504988,G-Class G400d AMG Line 4MATIC Premium,Mercedes-Benz,41830,06-Aug-2021,SUV,652,https://i.i-sgcm.com/cars_used/202108/1021338_small.jpg
89988,Shuttle 1.5A G Sensing,Honda,8750,05-Aug-2021,Stationwagon,652,https://i.i-sgcm.com/cars_used/202108/1021337_small.jpg
151000,M Series M3 Coupe Competition Package (COE till 08/2029),BMW,18720,05-Feb-2010,Sports,92500,https://i.i-sgcm.com/cars_used/202108/1021336_small.jpg
214000,5 Series 540i M-Sport,BMW,26950,23-Oct-2017,Luxury,59000,https://i.i-sgcm.com/cars_used/202108/1021334_small.jpg
28800,NV350 2.5M,Nissan,9570,13-Aug-2014,Van,45043,https://i.i-sgcm.com/cars_used/202108/1020020_small.jpg
41988,Elantra 1.6A Elite (New 5-yr COE),Hyundai,8390,14-Feb-2012,Sedan,150000,https://i.i-sgcm.com/cars_used/202108/1019975_small.jpg
67800,Niro Hybrid 1.6A GDi DCT Sunroof,Kia,11720,06-Mar-2017,SUV,121788,https://i.i-sgcm.com/cars_used/202108/1019919_small.jpg
50988,Polo GP 1.2A TSI Sunroof,Volkswagen,9350,31-Aug-2016,Hatchback,61000,https://i.i-sgcm.com/cars_used/202108/1019859_small.jpg
151988,Alphard 2.5A Elegance Sunroof,Toyota,19680,30-Nov-2017,MPV,30000,https://i.i-sgcm.com/cars_used/202107/1018814_small.jpg
72988,2 Series 218i Coupe Sunroof,BMW,14970,27-Aug-2015,Sports,99000,https://i.i-sgcm.com/cars_used/202107/1016602_small.jpg
57000,Polo 1.2A TSI Sunroof,Volkswagen,8480,15-Dec-2017,Hatchback,47000,https://i.i-sgcm.com/cars_used/202107/1014753_small.jpg
56800,3 1.5A Sunroof,Mazda,9190,10-Mar-2017,Sedan,60771,https://i.i-sgcm.com/cars_used/202107/1013664_small.jpg
64988,Elgrand 2.5A Highway Star,Nissan,13730,29-Oct-2014,MPV,81000,https://i.i-sgcm.com/cars_used/202106/1006731_small.jpg
117800,Cayman 2.7A Tip (COE till 10/2028),Porsche,16370,18-Oct-2008,Sports,98614,https://i.i-sgcm.com/cars_used/202106/1004644_small.jpg
122800,C-Class C180 Avantgarde,Mercedes-Benz,14980,30-Apr-2018,Luxury,55000,https://i.i-sgcm.com/cars_used/202105/1000080_small.jpg
198988,C-Class C200 Mild Hybrid AMG Line Premium Night Edition,Mercedes-Benz,16530,06-Aug-2021,Luxury,652,https://i.i-sgcm.com/cars_used/202108/1021333_small.jpg
59888,1 Series 116d,BMW,11650,21-Apr-2016,Hatchback,70000,https://i.i-sgcm.com/cars_used/202108/1021332_small.jpg
163800,S-Class S400L,Mercedes-Benz,25820,10-Feb-2015,Luxury,91000,https://i.i-sgcm.com/cars_used/202107/1011971_small.jpg
44800,3 Series 316i,BMW,16310,21-Jun-2013,Luxury,100000,https://i.i-sgcm.com/cars_used/202105/993285_small.jpg
56800,Polo GP 1.2A TSI Sunroof,Volkswagen,8630,29-Sep-2017,Hatchback,63300,https://i.i-sgcm.com/cars_used/202107/1018256_small.jpg
151988,A-Class Saloon A200 SE,Mercedes-Benz,13420,30-Jul-2021,Luxury,652,https://i.i-sgcm.com/cars_used/202108/1021331_small.jpg
52800,Passat 1.8A TSI (COE till 09/2028),Volkswagen,7440,12-Sep-2008,Luxury,140388,https://i.i-sgcm.com/cars_used/202107/1014713_small.jpg
88800,i30 1.4A T-GDi DCT Turbo,Hyundai,9480,14-Jan-2020,Hatchback,16000,https://i.i-sgcm.com/cars_used/202104/989578_small.jpg
132800,1 Series 118i 5DR Luxury,BMW,12190,26-Nov-2020,Hatchback,7758,https://i.i-sgcm.com/cars_used/202108/1021330_small.jpg
54800,Vios 1.5A G,Toyota,9130,14-Sep-2016,Sedan,75000,https://i.i-sgcm.com/cars_used/202108/1021329_small.jpg
436988,Cayenne 3.0A Tip,Porsche,36480,03-Aug-2021,SUV,652,https://i.i-sgcm.com/cars_used/202108/1021328_small.jpg
78800,Jazz 1.3A,Honda,8790,16-Mar-2020,Hatchback,7498,https://i.i-sgcm.com/cars_used/202108/1019336_small.jpg
52800,Note 1.2A DIG-S,Nissan,9230,21-Jan-2017,Hatchback,59320,https://i.i-sgcm.com/cars_used/202107/1010356_small.jpg
82800,Sienta 1.5A Standard,Toyota,9710,26-Mar-2019,MPV,39963,https://i.i-sgcm.com/cars_used/202105/992856_small.jpg
138000,Cayenne Turbo S 4.8A Tip (COE till 09/2028),Porsche,19310,30-Sep-2008,SUV,54500,https://i.i-sgcm.com/cars_used/202108/1021324_small.jpg
228888,GR Yaris 1.6M Circuit Pack,Toyota,20950,25-May-2021,Sports,3200,https://i.i-sgcm.com/cars_used/202108/1021322_small.jpg
298988,A-Class A45 AMG 4MATIC+,Mercedes-Benz,25440,06-Aug-2021,Sports,652,https://i.i-sgcm.com/cars_used/202108/1021318_small.jpg
99800,5 Series 523i (New 10-yr COE),BMW,9970,18-Oct-2011,Luxury,91000,https://i.i-sgcm.com/cars_used/202108/1021314_small.jpg
18800,Stream 1.8A (COE till 10/2023),Honda,8530,23-Oct-2008,MPV,105693,https://i.i-sgcm.com/cars_used/202108/1019360_small.jpg
26800,Golf 1.4A TSI Sport (COE till 08/2024),Volkswagen,8890,14-Aug-2009,Hatchback,155000,https://i.i-sgcm.com/cars_used/202106/1009697_small.jpg
58800,NV350 2.5M,Nissan,8700,11-May-2018,Van,80000,https://i.i-sgcm.com/cars_used/202104/985698_small.jpg
147000,5 Series 530i SE,BMW,18500,17-Oct-2017,Luxury,81000,https://i.i-sgcm.com/cars_used/202108/1021326_small.jpg
87800,CLA-Class CLA180,Mercedes-Benz,14360,24-Oct-2016,Luxury,112000,https://i.i-sgcm.com/cars_used/202108/1021325_small.jpg
69988,Vezel Hybrid 1.5A X,Honda,10640,12-Dec-2017,SUV,56000,https://i.i-sgcm.com/cars_used/202105/996307_small.jpg
138000,Panamera 4 3.6A PDK (COE till 04/2029),Porsche,17860,25-Aug-2010,Sports,140000,https://i.i-sgcm.com/cars_used/202108/1021320_small.jpg
26500,S40 2.4I (COE till 08/2024),Volvo,8710,24-Aug-2004,Luxury,77900,https://i.i-sgcm.com/cars_used/202108/1020861_small.jpg
63800,Grand C4 Picasso Diesel 1.6A BlueHDi Panoramic,Citroen,10860,16-Nov-2016,MPV,76000,https://i.i-sgcm.com/cars_used/202108/1021321_small.jpg
73888,1 Series 116d,BMW,11870,27-Apr-2017,Hatchback,52800,https://i.i-sgcm.com/cars_used/202108/1021312_small.jpg
138800,7 Series 740i Sunroof (New 10-yr COE),BMW,13870,15-Nov-2012,Luxury,109000,https://i.i-sgcm.com/cars_used/202108/1021277_small.jpg
51800,Vezel 1.5A X,Honda,9650,14-Jun-2016,SUV,78399,https://i.i-sgcm.com/cars_used/202108/1021315_small.jpg
75200,Jazz 1.3A LX,Honda,7980,07-Aug-2020,Hatchback,18000,https://i.i-sgcm.com/cars_used/202107/1018079_small.jpg
58800,Cerato K3 1.6A Sunroof,Kia,8410,28-Aug-2017,Sedan,102500,https://i.i-sgcm.com/cars_used/202107/1014875_small.jpg
79800,Civic 1.6A VTi,Honda,9910,10-Aug-2018,Sedan,38200,https://i.i-sgcm.com/cars_used/202107/1011874_small.jpg
168800,GranTurismo S 4.7A (COE till 04/2031),Maserati,17350,06-Jun-2011,Sports,64000,https://i.i-sgcm.com/cars_used/202108/1021311_small.jpg
21000,Exora 1.6A M-Line (COE till 08/2024),Proton,6990,11-Aug-2009,MPV,177000,https://i.i-sgcm.com/cars_used/202108/1021310_small.jpg
56800,A4 1.8A TFSI MU,Audi,12960,12-Feb-2015,Luxury,77000,https://i.i-sgcm.com/cars_used/202108/1021202_small.jpg
71800,C-Class C180 Avantgarde,Mercedes-Benz,17920,30-Oct-2014,Luxury,70130,https://i.i-sgcm.com/cars_used/202108/1021309_small.jpg
101800,Alphard 2.5A X Moonroof,Toyota,16810,02-Aug-2016,MPV,65000,https://i.i-sgcm.com/cars_used/202108/1021308_small.jpg
78688,Corolla Altis 1.6A Standard,Toyota,9700,11-Sep-2018,Sedan,63000,https://i.i-sgcm.com/cars_used/202108/1021306_small.jpg
121888,5 Series 528i Highline,BMW,17440,18-Nov-2016,Luxury,82888,https://i.i-sgcm.com/cars_used/202108/1021305_small.jpg
97800,Odyssey 2.4A EXV-S Sunroof,Honda,12990,16-Oct-2017,MPV,90000,https://i.i-sgcm.com/cars_used/202107/1018169_small.jpg
189800,GLB-Class GLB200 AMG Line Premium Plus 7-Seater,Mercedes-Benz,17560,16-Oct-2020,SUV,15000,https://i.i-sgcm.com/cars_used/202106/1003742_small.jpg
45800,Allion 1.5A (COE till 10/2028),Toyota,6400,06-Oct-2008,Sedan,123000,https://i.i-sgcm.com/cars_used/202108/1021303_small.jpg
208000,911 Carrera 4S Coupe PDK (COE till 04/2029),Porsche,26910,03-Nov-2009,Sports,87000,https://i.i-sgcm.com/cars_used/202108/1021301_small.jpg
101800,S4 3.0A TFSI Quattro S-tronic (COE till 08/2030),Audi,11260,24-Aug-2010,Sports,173000,https://i.i-sgcm.com/cars_used/202107/1015543_small.jpg
85800,Dyna 150 3.0M,Toyota,9260,12-Nov-2020,Truck,20109,https://i.i-sgcm.com/cars_used/202106/1006301_small.jpg
76800,Prius Alpha Hybrid 1.8A S,Toyota,11860,14-Nov-2017,MPV,52115,https://i.i-sgcm.com/cars_used/202106/1005367_small.jpg
76800,Prius Alpha Hybrid 1.8A S,Toyota,12180,15-Sep-2017,MPV,73531,https://i.i-sgcm.com/cars_used/202104/987251_small.jpg
73800,Forester 2.0i-L Sunroof,Subaru,11310,27-Jun-2017,SUV,41663,https://i.i-sgcm.com/cars_used/202103/977788_small.jpg
77800,3 HB 1.5A Deluxe,Mazda,9320,28-Dec-2018,Hatchback,55000,https://i.i-sgcm.com/cars_used/202108/1021299_small.jpg
57800,CLA-Class CLA180,Mercedes-Benz,15550,02-Sep-2014,Luxury,142000,https://i.i-sgcm.com/cars_used/202107/1012404_small.jpg
91800,Civic 1.6A VTi,Honda,10070,20-Sep-2019,Sedan,29400,https://i.i-sgcm.com/cars_used/202106/1000880_small.jpg
109800,Q2 1.4A TFSI CoD S-tronic,Audi,13090,13-Dec-2018,SUV,20143,https://i.i-sgcm.com/cars_used/202108/1021300_small.jpg
82800,A-Class A200 Style,Mercedes-Benz,12580,04-Apr-2017,Hatchback,91000,https://i.i-sgcm.com/cars_used/202106/1009185_small.jpg
82800,Sienta 1.5A Elegance,Toyota,9670,04-Mar-2019,MPV,34660,https://i.i-sgcm.com/cars_used/202106/1001655_small.jpg
81800,C-HR Hybrid 1.8A S,Toyota,11460,20-Apr-2018,SUV,56214,https://i.i-sgcm.com/cars_used/202105/996726_small.jpg
145888,6 Series 640i Cabriolet (COE till 04/2031),BMW,15000,09-Jun-2011,Sports,56124,https://i.i-sgcm.com/cars_used/202108/1021297_small.jpg
65500,Cerato 1.6A LX,Kia,8050,16-Jan-2019,Sedan,34000,https://i.i-sgcm.com/cars_used/202107/1012766_small.jpg
32800,Mark X (COE till 06/2026),Toyota,6700,16-Nov-2006,Luxury,168970,https://i.i-sgcm.com/cars_used/202108/1021296_small.jpg
69800,Hiace 3.0A DX,Toyota,10300,18-May-2018,Van,97000,https://i.i-sgcm.com/cars_used/202107/1017481_small.jpg
75700,Vellfire 2.4A V (COE till 05/2029),Toyota,9690,10-Jun-2009,MPV,140200,https://i.i-sgcm.com/cars_used/202107/1012342_small.jpg
55000,Pulsar 1.2A DIG-T Premium,Nissan,8730,23-Jun-2017,Hatchback,18000,https://i.i-sgcm.com/cars_used/202106/1006267_small.jpg
179800,C-Class C200 Coupe Mild Hybrid AMG Line Premium Sunroof,Mercedes-Benz,19160,15-May-2019,Sports,28200,https://i.i-sgcm.com/cars_used/202106/1004110_small.jpg
105800,Ateca 1.4A TSI DSG FR,SEAT,10830,27-Nov-2019,SUV,23800,https://i.i-sgcm.com/cars_used/202105/1000285_small.jpg
133800,6 Series 640i Gran Coupe,BMW,25980,29-Oct-2014,Luxury,60875,https://i.i-sgcm.com/cars_used/202103/974294_small.jpg
118800,2 Series 216i Gran Tourer,BMW,12090,28-Nov-2019,MPV,30547,https://i.i-sgcm.com/cars_used/202108/1021293_small.jpg
19000,Stream 1.8A X (COE till 12/2023),Honda,8190,05-Dec-2008,MPV,170000,https://i.i-sgcm.com/cars_used/202108/1021292_small.jpg
180800,E-Class E250 Avantgarde,Mercedes-Benz,18980,28-Jan-2019,Luxury,59758,https://i.i-sgcm.com/cars_used/202108/1021291_small.jpg
61800,Jetta GP 1.4A TSI Highline,Volkswagen,9680,27-Oct-2016,Sedan,84846,https://i.i-sgcm.com/cars_used/202108/1021290_small.jpg
41800,5 Series 520i,BMW,17450,30-Oct-2012,Luxury,149834,https://i.i-sgcm.com/cars_used/202108/1021289_small.jpg
263888,Gallardo LP560-4 (COE till 03/2029),Lamborghini,34510,19-Aug-2009,Sports,88000,https://i.i-sgcm.com/cars_used/202108/1021288_small.jpg
69800,Corolla Altis 1.6A Eco,Toyota,10130,04-Oct-2017,Sedan,63000,https://i.i-sgcm.com/cars_used/202108/1021287_small.jpg
83800,Vezel Hybrid 1.5A X Sensing,Honda,10580,03-Sep-2018,SUV,41000,https://i.i-sgcm.com/cars_used/202108/1021286_small.jpg
52800,Civic 1.6A VTi-S,Honda,10010,06-Oct-2015,Sedan,90000,https://i.i-sgcm.com/cars_used/202108/1021285_small.jpg
71800,5 Series 523i (COE till 06/2030),BMW,8080,28-Jun-2010,Luxury,150000,https://i.i-sgcm.com/cars_used/202108/1021284_small.jpg
19800,Jazz 1.5A L Skyroof (COE till 11/2023),Honda,8750,14-Nov-2008,Hatchback,144000,https://i.i-sgcm.com/cars_used/202108/1021283_small.jpg
72500,Vios 1.5A E,Toyota,8320,28-Jun-2019,Sedan,22000,https://i.i-sgcm.com/cars_used/202108/1021274_small.jpg
58800,Focus 1.0A GTDI Titanium,Ford,8110,29-Dec-2017,Sedan,44297,https://i.i-sgcm.com/cars_used/202108/1021263_small.jpg
73800,Camry 2.5A,Toyota,11370,23-Aug-2016,Luxury,80000,https://i.i-sgcm.com/cars_used/202108/1021261_small.jpg
64000,1 Series 116d,BMW,11830,28-Jul-2016,Hatchback,49126,https://i.i-sgcm.com/cars_used/202108/1021165_small.jpg
109800,A1 Sportback 1.0A TFSI S-tronic S-Line,Audi,10670,10-Sep-2020,Hatchback,11300,https://i.i-sgcm.com/cars_used/202108/1020047_small.jpg
13800,Cerato Forte 1.6A SX,Kia,13130,29-Feb-2012,Sedan,103000,https://i.i-sgcm.com/cars_used/202107/1018979_small.jpg
53800,3 1.5A Sunroof,Mazda,9590,16-Aug-2016,Sedan,86000,https://i.i-sgcm.com/cars_used/202107/1016474_small.jpg
54800,Wish 1.8A Elegance,Toyota,10240,28-Sep-2015,MPV,101123,https://i.i-sgcm.com/cars_used/202107/1015152_small.jpg
48998,A6 2.0A TFSI MU,Audi,14420,22-Jul-2013,Luxury,105913,https://i.i-sgcm.com/cars_used/202107/1014954_small.jpg
190800,E-Class E300 Coupe AMG Line,Mercedes-Benz,23210,28-Dec-2017,Sports,31300,https://i.i-sgcm.com/cars_used/202106/1008062_small.jpg
38800,Vios 1.5A J (New 5-yr COE),Toyota,7760,21-Oct-2011,Sedan,158000,https://i.i-sgcm.com/cars_used/202106/1005218_small.jpg
80800,Jazz 1.3A,Honda,8430,16-Oct-2020,Hatchback,7929,https://i.i-sgcm.com/cars_used/202106/1002893_small.jpg
55800,Vitara 1.6A GLX,Suzuki,9660,05-Sep-2016,SUV,84000,https://i.i-sgcm.com/cars_used/202106/1002033_small.jpg
83998,CT Hybrid CT200h Premium (New 10-yr COE),Lexus,8400,02-Aug-2011,Hatchback,119283,https://i.i-sgcm.com/cars_used/202105/997801_small.jpg
599000,Aventador LP700-4,Lamborghini,619280,11-Apr-2012,Sports,22000,https://i.i-sgcm.com/cars_used/202102/970579_small.jpg
229900,Land Cruiser 4.6A X,Toyota,20560,27-Nov-2020,SUV,200,https://i.i-sgcm.com/cars_used/202011/948134_small.jpg
98800,2 Series 216i Gran Tourer Luxury,BMW,11820,15-May-2018,MPV,73000,https://i.i-sgcm.com/cars_used/202108/1021279_small.jpg
208888,GTR 3.8A (COE till 09/2028),Nissan,29400,15-Sep-2008,Sports,116296,https://i.i-sgcm.com/cars_used/202108/1021223_small.jpg
108800,C-Class C200 Avantgarde,Mercedes-Benz,16430,18-Nov-2016,Luxury,108000,https://i.i-sgcm.com/cars_used/202108/1019998_small.jpg
93800,C-Class C180 Avantgarde,Mercedes-Benz,15920,06-May-2016,Luxury,68000,https://i.i-sgcm.com/cars_used/202108/1019994_small.jpg
75111,Forester 2.0XT Sunroof,Subaru,12940,01-Sep-2016,SUV,40000,https://i.i-sgcm.com/cars_used/202107/1018942_small.jpg
142800,B-Class B200 Progressive,Mercedes-Benz,15000,23-Oct-2019,Hatchback,22000,https://i.i-sgcm.com/cars_used/202107/1017028_small.jpg
133000,XC60 T5 Momentum,Volvo,17500,29-Nov-2017,SUV,60000,https://i.i-sgcm.com/cars_used/202107/1015774_small.jpg
106000,Vellfire 2.5A Z G-Edition,Toyota,18690,24-Dec-2015,MPV,52000,https://i.i-sgcm.com/cars_used/202107/1012912_small.jpg
59800,HR-V 1.5A LX,Honda,9940,02-Sep-2016,SUV,79914,https://i.i-sgcm.com/cars_used/202107/1011312_small.jpg
60800,Elantra 1.6A GLS S,Hyundai,8630,18-Dec-2017,Sedan,50000,https://i.i-sgcm.com/cars_used/202107/1011070_small.jpg
77500,3 HB 1.5A Deluxe,Mazda,9380,28-Nov-2018,Hatchback,30000,https://i.i-sgcm.com/cars_used/202107/1010806_small.jpg
187888,E-Class E180 Avantgarde,Mercedes-Benz,17060,11-Dec-2020,Luxury,8000,https://i.i-sgcm.com/cars_used/202106/1008324_small.jpg
71800,Fit 1.3A G F-Package,Honda,8000,25-Mar-2020,Hatchback,13998,https://i.i-sgcm.com/cars_used/202106/1008263_small.jpg
71500,Wish 1.8A Elegance,Toyota,10430,04-Jul-2017,MPV,62000,https://i.i-sgcm.com/cars_used/202106/1007727_small.jpg
21998,Civic 2.0A (COE till 10/2023),Honda,9880,13-Nov-2008,Sedan,151683,https://i.i-sgcm.com/cars_used/202106/1007396_small.jpg
59800,6 2.0A,Mazda,10370,30-May-2016,Luxury,53000,https://i.i-sgcm.com/cars_used/202106/1007207_small.jpg
128000,3 Series 318i Shadow Edition,BMW,13740,27-Jun-2019,Luxury,28400,https://i.i-sgcm.com/cars_used/202106/1006129_small.jpg
87800,Corolla Altis 1.6A Elegance,Toyota,9570,31-Aug-2019,Sedan,32000,https://i.i-sgcm.com/cars_used/202106/1006027_small.jpg
74800,X-Trail 2.0A Premium 7-Seater Sunroof,Nissan,10960,22-Mar-2017,SUV,134000,https://i.i-sgcm.com/cars_used/202106/1004397_small.jpg
50500,Focus Titanium 1.0A GTDI 5DR,Ford,8110,13-Dec-2016,Hatchback,79123,https://i.i-sgcm.com/cars_used/202105/1000209_small.jpg
89800,CLA-Class CLA180,Mercedes-Benz,14840,12-Oct-2016,Luxury,96000,https://i.i-sgcm.com/cars_used/202105/999017_small.jpg
23800,Vios 1.5A G (COE till 07/2024),Toyota,8010,29-Jul-2009,Sedan,122000,https://i.i-sgcm.com/cars_used/202105/995263_small.jpg
93900,E-Class E200 CGI (COE till 04/2031),Mercedes-Benz,9650,25-Jul-2011,Luxury,108000,https://i.i-sgcm.com/cars_used/202104/988231_small.jpg
60800,XV 1.6i-S,Subaru,9970,31-Oct-2016,SUV,94160,https://i.i-sgcm.com/cars_used/202104/987174_small.jpg
61800,3 Series 318i Sunroof (COE till 07/2030),BMW,6890,30-Jul-2010,Luxury,167000,https://i.i-sgcm.com/cars_used/202104/982980_small.jpg
145800,Q5 2.0A TFSI Quattro S-tronic Sport,Audi,18540,27-Dec-2017,SUV,32000,https://i.i-sgcm.com/cars_used/202012/953304_small.jpg
53800,C4 1.2A PureTech,Citroen,8680,18-Apr-2017,SUV,73053,https://i.i-sgcm.com/cars_used/202108/1020135_small.jpg
68500,Vezel Hybrid 1.5A X,Honda,10790,20-Sep-2017,SUV,56000,https://i.i-sgcm.com/cars_used/202107/1018936_small.jpg
33800,Golf 1.4A TSI (COE till 03/2025),Volkswagen,9320,26-Mar-2010,Hatchback,119000,https://i.i-sgcm.com/cars_used/202107/1017522_small.jpg
48000,C-Class C180 Coupe,Mercedes-Benz,16930,19-Jun-2013,Sports,95000,https://i.i-sgcm.com/cars_used/202107/1017344_small.jpg
250800,GTR 3.8A (COE till 04/2028),Nissan,37470,18-Apr-2008,Sports,80000,https://i.i-sgcm.com/cars_used/202107/1017338_small.jpg
14800,Allion 1.5A (COE till 03/2023),Toyota,9200,20-Mar-2008,Sedan,150000,https://i.i-sgcm.com/cars_used/202107/1015055_small.jpg
47800,3 HB 1.5A Sunroof,Mazda,11760,16-Jun-2015,Hatchback,78000,https://i.i-sgcm.com/cars_used/202107/1015033_small.jpg
122800,Q7 3.0A TFSI Quattro S-Line (New 10-yr COE),Audi,12270,31-Dec-2011,SUV,129800,https://i.i-sgcm.com/cars_used/202107/1013933_small.jpg
83800,A6 1.8A TFSI S-tronic,Audi,14730,14-Aug-2015,Luxury,82135,https://i.i-sgcm.com/cars_used/202107/1011195_small.jpg
53800,Jazz 1.5A RS,Honda,11010,07-Jan-2016,Hatchback,20000,https://i.i-sgcm.com/cars_used/202106/1009375_small.jpg
777000,E-Type Series 1 Roadster 3.8M (COE till 01/2029),Jaguar,103810,01-Jul-1964,Sports,30836,https://i.i-sgcm.com/cars_used/202106/1007657_small.jpg
135888,Evolution 9 GT Wagon (COE till 08/2026),Mitsubishi,26840,21-Sep-2006,Stationwagon,150000,https://i.i-sgcm.com/cars_used/202106/1003857_small.jpg
125800,Rover Range Rover Evoque 2.0A 5DR,Land,16810,28-Apr-2017,SUV,38588,https://i.i-sgcm.com/cars_used/202106/1003153_small.jpg
120500,Tucson 1.6A GLS DCT Turbo,Hyundai,12080,08-Oct-2020,SUV,5000,https://i.i-sgcm.com/cars_used/202106/1002454_small.jpg
99900,Tivoli Diesel 1.6A Standard,Ssangyong,9950,24-Aug-2020,SUV,16241,https://i.i-sgcm.com/cars_used/202106/1000900_small.jpg
102800,X1 sDrive18i,BMW,14490,11-Aug-2017,SUV,63113,https://i.i-sgcm.com/cars_used/202105/998970_small.jpg
70800,Grand C4 Picasso Diesel 1.6A BlueHDi Panoramic,Citroen,11300,03-May-2017,MPV,38000,https://i.i-sgcm.com/cars_used/202105/997206_small.jpg
51000,3 1.5A Sunroof,Mazda,9670,27-Apr-2016,Sedan,67000,https://i.i-sgcm.com/cars_used/202105/995569_small.jpg
64500,Vezel 1.5A X Sensing,Honda,10020,16-Jun-2017,SUV,50123,https://i.i-sgcm.com/cars_used/202104/990965_small.jpg
86800,E-Class E250 CGI (COE till 04/2031),Mercedes-Benz,8920,16-May-2011,Luxury,120000,https://i.i-sgcm.com/cars_used/202104/983872_small.jpg
76000,1 Series 118i 5DR (New 10-yr COE),BMW,7600,28-Oct-2011,Hatchback,122362,https://i.i-sgcm.com/cars_used/202103/972781_small.jpg
103000,C-Class C180 Avantgarde,Mercedes-Benz,19210,05-Jan-2016,Luxury,29000,https://i.i-sgcm.com/cars_used/202108/1021278_small.jpg
122800,X5 xDrive35i 7-Seater,BMW,20900,30-Jun-2015,SUV,102000,https://i.i-sgcm.com/cars_used/202108/1021276_small.jpg
98800,TT Coupe 1.8T (COE till 01/2031),Audi,10420,07-Aug-2002,Sports,58000,https://i.i-sgcm.com/cars_used/202108/1021271_small.jpg
89800,GLA-Class GLA180,Mercedes-Benz,14430,17-Nov-2016,SUV,75000,https://i.i-sgcm.com/cars_used/202108/1019996_small.jpg
83900,C-HR 1.2A Turbo Active,Toyota,10150,29-Jun-2018,SUV,25480,https://i.i-sgcm.com/cars_used/202104/988506_small.jpg
560000,Ghost,Rolls-Royce,221270,31-May-2013,Luxury,52000,https://i.i-sgcm.com/cars_used/202108/1021275_small.jpg
222988,7 Series 730Li Sunroof,BMW,23720,23-May-2018,Luxury,71000,https://i.i-sgcm.com/cars_used/202108/1021273_small.jpg
71988,3 2.0A Sport,Mazda,9770,09-Jan-2018,Sedan,39000,https://i.i-sgcm.com/cars_used/202108/1021269_small.jpg
56500,3 Series 320i Luxury,BMW,14880,06-Dec-2013,Luxury,53674,https://i.i-sgcm.com/cars_used/202108/1021268_small.jpg
35500,Grand C4 Picasso Diesel 1.6A e-HDi,Citroen,8710,26-Sep-2014,MPV,108179,https://i.i-sgcm.com/cars_used/202108/1021255_small.jpg
165800,UX Hybrid UX250h Executive,Lexus,15910,16-Oct-2020,SUV,12000,https://i.i-sgcm.com/cars_used/202108/1020826_small.jpg
132800,XC60 T5 Momentum,Volvo,17560,17-Nov-2017,SUV,33200,https://i.i-sgcm.com/cars_used/202107/1018759_small.jpg
74800,Harrier 2.0A Premium Panoramic,Toyota,13730,05-Jan-2016,SUV,72000,https://i.i-sgcm.com/cars_used/202107/1017585_small.jpg
121000,1 Series 118i 5DR,BMW,12180,16-Dec-2019,Hatchback,20000,https://i.i-sgcm.com/cars_used/202107/1017580_small.jpg
10800,Getz 1.1M 5DR (COE till 09/2023),Hyundai,5110,20-Sep-2008,Hatchback,228000,https://i.i-sgcm.com/cars_used/202107/1016435_small.jpg
67800,Sienta 1.5A Elegance,Toyota,10610,16-Jan-2017,MPV,29800,https://i.i-sgcm.com/cars_used/202106/1004854_small.jpg
153800,4 Series 420i Gran Coupe,BMW,15920,14-Aug-2019,Luxury,26800,https://i.i-sgcm.com/cars_used/202106/1000868_small.jpg
127800,X2 sDrive18i M-Sport X,BMW,14290,31-Dec-2018,SUV,63200,https://i.i-sgcm.com/cars_used/202105/999581_small.jpg
95800,Outlander 2.0A,Mitsubishi,11060,21-May-2019,SUV,27500,https://i.i-sgcm.com/cars_used/202105/998461_small.jpg
44800,Elantra 1.6A,Hyundai,9120,26-Oct-2015,Sedan,102016,https://i.i-sgcm.com/cars_used/202103/976780_small.jpg
53888,Swift Sport 1.6A (COE till 02/2029),Suzuki,7140,23-Feb-2009,Hatchback,126020,https://i.i-sgcm.com/cars_used/202108/1021264_small.jpg
47800,Elantra 1.6A GLS Elite,Hyundai,8870,18-Feb-2016,Sedan,94000,https://i.i-sgcm.com/cars_used/202107/1018880_small.jpg
20588,Corolla Altis 1.6A (COE till 02/2024),Toyota,8150,18-Feb-2009,Sedan,103000,https://i.i-sgcm.com/cars_used/202107/1015634_small.jpg
68800,Outback 2.5i-S Sunroof,Subaru,11230,27-Jul-2016,SUV,65000,https://i.i-sgcm.com/cars_used/202105/997323_small.jpg
68800,Shuttle 1.5A G,Honda,9330,22-May-2018,Stationwagon,18198,https://i.i-sgcm.com/cars_used/202104/989935_small.jpg
84800,Corolla Altis 1.6A Elegance,Toyota,9440,18-Jun-2019,Sedan,52309,https://i.i-sgcm.com/cars_used/202104/987017_small.jpg
115777,Noah Hybrid 1.8A X,Toyota,12570,27-Aug-2019,MPV,50000,https://i.i-sgcm.com/cars_used/202108/1021259_small.jpg
64800,6 2.0A,Mazda,10850,26-Jul-2016,Luxury,57600,https://i.i-sgcm.com/cars_used/202108/1021257_small.jpg
71000,E-Class E200 CGI Avantgarde (COE till 04/2029),Mercedes-Benz,9190,27-Oct-2009,Luxury,122460,https://i.i-sgcm.com/cars_used/202108/1021246_small.jpg
41800,Civic 1.6M VTi (New 5-yr COE),Honda,8360,26-Aug-2011,Sedan,132000,https://i.i-sgcm.com/cars_used/202108/1019362_small.jpg
72888,CX-3 2.0A Standard,Mazda,9130,30-Aug-2018,SUV,30000,https://i.i-sgcm.com/cars_used/202107/1016190_small.jpg
65800,Cerato K3 1.6A,Kia,8810,17-May-2018,Sedan,32000,https://i.i-sgcm.com/cars_used/202107/1015736_small.jpg
123800,Noah Hybrid 1.8A X,Toyota,12410,21-May-2020,MPV,12845,https://i.i-sgcm.com/cars_used/202107/1014871_small.jpg
83800,5 Series 520i Luxury,BMW,16510,30-Jun-2015,Luxury,90000,https://i.i-sgcm.com/cars_used/202107/1013877_small.jpg
115000,2 Series 218i Coupe Sunroof,BMW,15030,30-Jan-2018,Sports,6761,https://i.i-sgcm.com/cars_used/202106/1005913_small.jpg
167888,Q7 2.0A TFSI Quattro Tip,Audi,23900,29-Dec-2016,SUV,44000,https://i.i-sgcm.com/cars_used/202106/1004939_small.jpg
150800,C-Class C160 Avantgarde,Mercedes-Benz,14480,08-Sep-2020,Luxury,5500,https://i.i-sgcm.com/cars_used/202105/999346_small.jpg
70777,Avante 1.6A GLS,Hyundai,8290,17-May-2019,Sedan,19132,https://i.i-sgcm.com/cars_used/202105/996063_small.jpg
83900,C-HR 1.2A Turbo Active,Toyota,10150,29-Jun-2018,SUV,27507,https://i.i-sgcm.com/cars_used/202101/962535_small.jpg
16800,Fit 1.3A G (COE till 11/2023),Honda,7370,20-Nov-2008,Hatchback,104000,https://i.i-sgcm.com/cars_used/202108/1021254_small.jpg
135800,5 Series 520d,BMW,18930,28-Jun-2017,Luxury,80000,https://i.i-sgcm.com/cars_used/202108/1020993_small.jpg
57988,Cooper 1.6A (COE till 06/2030),MINI,6550,16-Jun-2010,Hatchback,120000,https://i.i-sgcm.com/cars_used/202107/1017569_small.jpg
48800,308 1.2A PureTech Allure,Peugeot,8690,22-Sep-2016,Hatchback,80000,https://i.i-sgcm.com/cars_used/202107/1017272_small.jpg
141800,E-Class E200 Avantgarde,Mercedes-Benz,17790,14-Sep-2017,Luxury,62291,https://i.i-sgcm.com/cars_used/202107/1014940_small.jpg
76800,Fit 1.3A G F-Package,Honda,8060,08-Oct-2020,Hatchback,7048,https://i.i-sgcm.com/cars_used/202107/1013049_small.jpg
157500,4 Series 420i Gran Coupe,BMW,15960,29-Oct-2019,Luxury,15000,https://i.i-sgcm.com/cars_used/202107/1010654_small.jpg
37800,Elantra 1.6A (New 5-yr COE),Hyundai,7560,26-Jul-2011,Sedan,113500,https://i.i-sgcm.com/cars_used/202106/1009518_small.jpg
189800,X3 sDrive20i xLine,BMW,19860,30-Oct-2019,SUV,25000,https://i.i-sgcm.com/cars_used/202106/1008079_small.jpg
109800,X1 sDrive18i,BMW,14000,31-Jan-2018,SUV,46000,https://i.i-sgcm.com/cars_used/202106/1005919_small.jpg
49999,Attrage 1.2A Sports,Mitsubishi,7520,01-Dec-2017,Sedan,60000,https://i.i-sgcm.com/cars_used/202106/1005762_small.jpg
128888,GLA-Class GLA180 Urban Edition,Mercedes-Benz,12660,28-Aug-2020,SUV,13000,https://i.i-sgcm.com/cars_used/202106/1005187_small.jpg
78800,Sienta 1.5A Elegance,Toyota,9340,31-Dec-2018,MPV,51000,https://i.i-sgcm.com/cars_used/202106/1004531_small.jpg
178000,2 Series 230i Convertible M-Sport,BMW,19000,24-Apr-2019,Sports,24000,https://i.i-sgcm.com/cars_used/202106/1004453_small.jpg
252800,GLC-Class GLC43 Coupe AMG 4MATIC,Mercedes-Benz,25510,11-Sep-2019,SUV,26000,https://i.i-sgcm.com/cars_used/202106/1000986_small.jpg
55900,Tivoli Diesel 1.6A,Ssangyong,8830,27-Oct-2016,SUV,55465,https://i.i-sgcm.com/cars_used/202105/1000095_small.jpg
185777,3 Series 320i Luxury,BMW,17030,26-Oct-2020,Luxury,12600,https://i.i-sgcm.com/cars_used/202105/997057_small.jpg
135500,Cooper S 2.0A,MINI,15130,03-May-2019,Hatchback,15943,https://i.i-sgcm.com/cars_used/202105/995619_small.jpg
59888,Elantra 1.6A GLS S,Hyundai,8670,27-Oct-2017,Sedan,65000,https://i.i-sgcm.com/cars_used/202104/984906_small.jpg
102500,ES Hybrid ES300h Luxury Sunroof,Lexus,15800,25-Jun-2016,Luxury,80000,https://i.i-sgcm.com/cars_used/202103/977106_small.jpg
86800,Niro Hybrid 1.6A Sunroof,Kia,11320,01-Jun-2018,SUV,52000,https://i.i-sgcm.com/cars_used/202102/969184_small.jpg
79800,1 Series 116d,BMW,11630,09-Nov-2017,Hatchback,62473,https://i.i-sgcm.com/cars_used/202102/968182_small.jpg
38800,Elantra 1.6A (New 5-yr COE),Hyundai,7760,10-Aug-2011,Sedan,183000,https://i.i-sgcm.com/cars_used/202108/1021252_small.jpg
111000,XJ 2.0A TSS Premium Luxury SWB Sunroof,Jaguar,17590,16-Mar-2015,Luxury,64000,https://i.i-sgcm.com/cars_used/202108/1021251_small.jpg
73800,Qashqai 1.2A DIG-T Premium,Nissan,10430,13-Dec-2017,SUV,47390,https://i.i-sgcm.com/cars_used/202108/1021250_small.jpg
109999,Forester 2.0i-S EyeSight Sunroof,Subaru,12090,14-Dec-2019,SUV,22000,https://i.i-sgcm.com/cars_used/202108/1021247_small.jpg
55888,One 1.2M 5DR,MINI,12340,29-Sep-2015,Hatchback,61000,https://i.i-sgcm.com/cars_used/202108/1021245_small.jpg
64800,5 2.0A Sunroof,Mazda,10350,31-Oct-2016,MPV,77000,https://i.i-sgcm.com/cars_used/202108/1021242_small.jpg
162000,Q3 Sportback 1.4A TFSI S-tronic,Audi,15490,15-Dec-2020,Sedan,14000,https://i.i-sgcm.com/cars_used/202108/1021238_small.jpg
79800,Freed Hybrid 1.5A G Sensing,Honda,12140,22-Dec-2017,MPV,35649,https://i.i-sgcm.com/cars_used/202108/1021166_small.jpg
198800,I-PACE Electric First Edition,Jaguar,18790,04-Jan-2019,SUV,16000,https://i.i-sgcm.com/cars_used/202108/1020811_small.jpg
89777,A6 1.8A TFSI Ultra S-tronic,Audi,14810,29-Mar-2016,Luxury,99256,https://i.i-sgcm.com/cars_used/202107/1017720_small.jpg
146000,GLC-Class GLC250d 4MATIC,Mercedes-Benz,18980,08-Dec-2017,SUV,80000,https://i.i-sgcm.com/cars_used/202107/1017116_small.jpg
77800,Civic 1.5A VTEC Turbo Sunroof,Honda,12820,03-Oct-2016,Sedan,29562,https://i.i-sgcm.com/cars_used/202107/1016642_small.jpg
75800,Focus Wagon 1.0A GTDI Titanium,Ford,9250,26-Sep-2018,Stationwagon,34300,https://i.i-sgcm.com/cars_used/202107/1016473_small.jpg
68800,Impreza 5D 1.6i-S,Subaru,9990,07-Nov-2017,Hatchback,78566,https://i.i-sgcm.com/cars_used/202107/1015483_small.jpg
333888,Silver Seraph (COE till 03/2030),Rolls-Royce,38620,22-Aug-2000,Luxury,66000,https://i.i-sgcm.com/cars_used/202107/1015016_small.jpg
62777,Tucson 2.0A GLS Sunroof,Hyundai,11410,27-Jan-2016,SUV,91857,https://i.i-sgcm.com/cars_used/202107/1014746_small.jpg
29800,Camry 2.0A (COE till 12/2024),Toyota,8770,05-Jan-2010,Luxury,136000,https://i.i-sgcm.com/cars_used/202107/1013866_small.jpg
56888,Civic 1.8A VTi-S (COE till 07/2028),Honda,8200,15-Jul-2008,Sedan,136128,https://i.i-sgcm.com/cars_used/202107/1013553_small.jpg
71777,Harrier 2.0A Premium,Toyota,12940,28-Jan-2016,SUV,73000,https://i.i-sgcm.com/cars_used/202106/1005340_small.jpg
56777,Elantra 1.6A GLS,Hyundai,8490,17-Aug-2017,Sedan,45300,https://i.i-sgcm.com/cars_used/202106/1004744_small.jpg
180000,S-Class S400L,Mercedes-Benz,24990,16-Nov-2015,Luxury,93000,https://i.i-sgcm.com/cars_used/202105/998626_small.jpg
57800,Vios 1.5A E (OPC),Toyota,7510,21-May-2018,Sedan,25000,https://i.i-sgcm.com/cars_used/202105/997181_small.jpg
45388,Sylphy 1.6A Premium,Nissan,9070,14-Sep-2015,Sedan,92300,https://i.i-sgcm.com/cars_used/202105/995028_small.jpg
85600,Vezel 1.5A X,Honda,9480,12-Nov-2019,SUV,23000,https://i.i-sgcm.com/cars_used/202104/989299_small.jpg
126800,C-Class C180 Avantgarde,Mercedes-Benz,17130,20-Sep-2017,Luxury,16825,https://i.i-sgcm.com/cars_used/202104/987091_small.jpg
265000,Romeo Giulia 2.9A Quadrifoglio,Alfa,27930,31-Jul-2019,Sports,14114,https://i.i-sgcm.com/cars_used/202104/983904_small.jpg
56777,3 Series 316i,BMW,14550,22-Aug-2014,Luxury,120000,https://i.i-sgcm.com/cars_used/202103/976271_small.jpg
58800,Lancer EX 2.0A GLS (COE till 03/2029),Mitsubishi,7770,04-Mar-2009,Sedan,177000,https://i.i-sgcm.com/cars_used/202108/1021244_small.jpg
23800,3 Series 318i (COE till 03/2025),BMW,6530,01-Sep-2000,Luxury,233500,https://i.i-sgcm.com/cars_used/202108/1021240_small.jpg
57700,A6 2.0A TFSI MU S-Line (COE till 08/2028),Audi,8180,28-Aug-2008,Luxury,165000,https://i.i-sgcm.com/cars_used/202108/1021231_small.jpg
75000,Fuso Canter FEA01,Mitsubishi,9210,30-Sep-2019,Truck,1391,https://i.i-sgcm.com/cars_used/202108/1021227_small.jpg
37900,Grand C4 Picasso Diesel 1.6A e-HDi,Citroen,7720,27-Aug-2015,MPV,153634,https://i.i-sgcm.com/cars_used/202108/1021216_small.jpg
45998,Fluence Diesel 1.5A dCi Sunroof,Renault,8720,28-Apr-2016,Sedan,72307,https://i.i-sgcm.com/cars_used/202108/1021185_small.jpg
119777,TTS Coupe 2.0A TFSI Quattro S-tronic (New 10-yr COE),Audi,11970,13-Jan-2012,Sports,107568,https://i.i-sgcm.com/cars_used/202108/1019984_small.jpg
67800,Wish 1.8A X,Toyota,10700,15-Dec-2016,MPV,92242,https://i.i-sgcm.com/cars_used/202108/1019721_small.jpg
80777,Forester 2.0i-L Sunroof,Subaru,11200,21-Mar-2018,SUV,32698,https://i.i-sgcm.com/cars_used/202107/1018276_small.jpg
95777,A6 1.8A TFSI Ultra S-tronic,Audi,14660,13-Sep-2016,Luxury,99125,https://i.i-sgcm.com/cars_used/202107/1017722_small.jpg
84800,E-Class E250 CGI (COE till 04/2031),Mercedes-Benz,8720,06-Jul-2011,Luxury,131300,https://i.i-sgcm.com/cars_used/202107/1017531_small.jpg
26800,Cerato Forte Koup 2.0A SX (COE till 10/2024),Kia,8300,26-Feb-2010,Sports,149000,https://i.i-sgcm.com/cars_used/202107/1016671_small.jpg
58800,Attrage 1.2A,Mitsubishi,7960,05-Sep-2018,Sedan,61000,https://i.i-sgcm.com/cars_used/202107/1015607_small.jpg
69800,ASX 2.0A,Mitsubishi,9650,18-Dec-2017,SUV,82000,https://i.i-sgcm.com/cars_used/202107/1014973_small.jpg
40800,Elantra 1.6A Elite (New 5-yr COE),Hyundai,8160,12-Sep-2011,Sedan,135000,https://i.i-sgcm.com/cars_used/202107/1010941_small.jpg
59800,Vezel 1.5A X Sensing,Honda,10140,20-Oct-2016,SUV,86000,https://i.i-sgcm.com/cars_used/202106/1009859_small.jpg
54800,2 1.5A Deluxe,Mazda,8620,21-Mar-2017,Sedan,71000,https://i.i-sgcm.com/cars_used/202106/1009825_small.jpg
36800,Vios 1.5A E (COE till 05/2026),Toyota,7650,01-Jun-2011,Sedan,113000,https://i.i-sgcm.com/cars_used/202106/1003739_small.jpg
67500,XV 1.6i-S,Subaru,10000,27-Jul-2017,SUV,59500,https://i.i-sgcm.com/cars_used/202105/998466_small.jpg
68800,Vezel Hybrid 1.5A Sensing,Honda,11170,17-Jul-2017,SUV,55000,https://i.i-sgcm.com/cars_used/202105/995744_small.jpg
47777,C4 Picasso Diesel 1.6A BlueHDi,Citroen,8390,26-Sep-2016,MPV,103000,https://i.i-sgcm.com/cars_used/202105/992297_small.jpg
47888,Accent 1.4A (OPC),Hyundai,6380,16-Jun-2018,Sedan,57000,https://i.i-sgcm.com/cars_used/202104/989959_small.jpg
61600,Note 1.2A,Nissan,7780,13-Mar-2019,Hatchback,30880,https://i.i-sgcm.com/cars_used/202108/1020169_small.jpg
44380,Elantra 1.6A GLS,Hyundai,8990,30-Oct-2015,Sedan,86000,https://i.i-sgcm.com/cars_used/202107/1018954_small.jpg
132800,Noah Hybrid 1.8A X,Toyota,12660,12-Nov-2020,MPV,5000,https://i.i-sgcm.com/cars_used/202107/1018392_small.jpg
64777,Odyssey 2.4A EXV-S Sunroof,Honda,13590,24-Mar-2015,MPV,118523,https://i.i-sgcm.com/cars_used/202107/1015518_small.jpg
75800,RegiusAce 3.0A Super GL Dark Prime,Toyota,12560,21-Aug-2017,Van,70000,https://i.i-sgcm.com/cars_used/202107/1015277_small.jpg
35800,Exora 1.6A M-Line (New 5-yr COE),Proton,7160,21-Sep-2011,MPV,156000,https://i.i-sgcm.com/cars_used/202107/1015182_small.jpg
99777,Golf 1.4A TSI Highline Sunroof,Volkswagen,10950,25-Jun-2019,Hatchback,33000,https://i.i-sgcm.com/cars_used/202107/1014539_small.jpg
114800,NX Turbo NX200t Executive,Lexus,16720,14-Dec-2016,SUV,52200,https://i.i-sgcm.com/cars_used/202107/1012552_small.jpg
32800,Jazz 1.5A L Skyroof (COE till 02/2025),Honda,9360,09-Feb-2010,Hatchback,144000,https://i.i-sgcm.com/cars_used/202107/1011247_small.jpg
93888,C-HR Hybrid 1.8A S,Toyota,10950,21-Feb-2019,SUV,20000,https://i.i-sgcm.com/cars_used/202106/1007457_small.jpg
102888,Freed Hybrid 1.5A G,Honda,11100,27-Nov-2019,MPV,15000,https://i.i-sgcm.com/cars_used/202106/1005864_small.jpg
38800,Jazz 1.3A L (COE till 05/2026),Honda,8100,25-May-2011,Hatchback,103000,https://i.i-sgcm.com/cars_used/202105/998251_small.jpg
62800,Sportsvan 1.4A TSI Comfortline,Volkswagen,9690,28-Feb-2017,Hatchback,59240,https://i.i-sgcm.com/cars_used/202101/963629_small.jpg
66800,Swift Sport 1.6A,Suzuki,10240,14-Jun-2017,Hatchback,51333,https://i.i-sgcm.com/cars_used/202101/961229_small.jpg
64800,Fit 1.3A G F-Package,Honda,8140,15-Mar-2019,Hatchback,45000,https://i.i-sgcm.com/cars_used/202108/1021234_small.jpg
73800,Civic 1.6A VTi,Honda,9970,11-Jan-2018,Sedan,41000,https://i.i-sgcm.com/cars_used/202108/1021233_small.jpg
658800,Aventador LP700-4 (New 10-yr COE),Lamborghini,65840,12-Jan-2012,Sports,31000,https://i.i-sgcm.com/cars_used/202108/1021232_small.jpg
288888,F430 F1 Spider (COE till 04/2029),Ferrari,37380,13-Jul-2009,Sports,33000,https://i.i-sgcm.com/cars_used/202108/1021230_small.jpg
173888,GranTurismo 4.2A (New 10-yr COE),Maserati,17380,12-Dec-2011,Sports,63000,https://i.i-sgcm.com/cars_used/202108/1021226_small.jpg
84800,Raize 1.0A X,Toyota,8670,05-Feb-2021,SUV,16000,https://i.i-sgcm.com/cars_used/202108/1021225_small.jpg
70800,C-HR Hybrid 1.8A S,Toyota,10920,10-Nov-2017,SUV,45186,https://i.i-sgcm.com/cars_used/202108/1021224_small.jpg
19800,Every (COE till 03/2025),Suzuki,5510,12-Mar-2010,Van,213000,https://i.i-sgcm.com/cars_used/202108/1021184_small.jpg
54998,1 Series 116d,BMW,11690,19-Oct-2015,Hatchback,95887,https://i.i-sgcm.com/cars_used/202108/1021028_small.jpg
47998,Lancer EX 1.5A GLX (COE till 08/2028),Mitsubishi,6840,15-Aug-2008,Sedan,135227,https://i.i-sgcm.com/cars_used/202108/1020283_small.jpg
67800,Prius Hybrid 1.8A,Toyota,11200,09-Jun-2017,Hatchback,56888,https://i.i-sgcm.com/cars_used/202108/1020054_small.jpg
50800,Estima 2.4A Aeras 8-Seater (COE till 11/2027),Toyota,8050,25-Apr-2008,MPV,136000,https://i.i-sgcm.com/cars_used/202108/1019291_small.jpg
85800,Shuttle Hybrid 1.5A,Honda,10370,12-Apr-2019,Stationwagon,10400,https://i.i-sgcm.com/cars_used/202107/1018460_small.jpg
75800,Jazz 1.3A,Honda,8670,26-Dec-2019,Hatchback,18000,https://i.i-sgcm.com/cars_used/202107/1013169_small.jpg
47777,Attrage 1.2A Sports (OPC),Mitsubishi,6500,26-Jul-2018,Sedan,19972,https://i.i-sgcm.com/cars_used/202107/1012081_small.jpg
388000,911 Turbo S Coupe 3.8A PDK (COE till 04/2029),Porsche,50200,15-Sep-2010,Sports,110000,https://i.i-sgcm.com/cars_used/202107/1011951_small.jpg
74888,Cerato 1.6A SX Sunroof,Kia,8870,10-Jan-2019,Sedan,21074,https://i.i-sgcm.com/cars_used/202107/1011317_small.jpg
62800,NHR87A,Isuzu,9350,26-Apr-2018,Truck,64500,https://i.i-sgcm.com/cars_used/202107/1010192_small.jpg
154800,C-Class C160 Avantgarde,Mercedes-Benz,14740,01-Oct-2020,Luxury,17000,https://i.i-sgcm.com/cars_used/202107/1009945_small.jpg
65555,Jazz 1.3A,Honda,8740,08-Oct-2018,Hatchback,33513,https://i.i-sgcm.com/cars_used/202106/1007435_small.jpg
101888,Freed Hybrid 1.5A G,Honda,11290,01-Oct-2019,MPV,15000,https://i.i-sgcm.com/cars_used/202106/1007356_small.jpg
38388,Elantra 1.6A (COE till 05/2026),Hyundai,7980,14-Jun-2011,Sedan,154000,https://i.i-sgcm.com/cars_used/202106/1006548_small.jpg
76800,C-Class C180K Avantgarde (New 10-yr COE),Mercedes-Benz,7680,13-Oct-2011,Luxury,110000,https://i.i-sgcm.com/cars_used/202105/1000063_small.jpg
63800,Jazz 1.3A (OPC),Honda,6810,24-Jun-2020,Hatchback,6016,https://i.i-sgcm.com/cars_used/202105/994292_small.jpg
71888,City 1.5A SV,Honda,8950,07-Sep-2018,Sedan,31181,https://i.i-sgcm.com/cars_used/202105/993033_small.jpg
77800,A6 2.0A TFSI,Audi,14870,28-May-2015,Luxury,100000,https://i.i-sgcm.com/cars_used/202105/992638_small.jpg
87800,ES250 Luxury Sunroof,Lexus,16490,23-Jun-2015,Luxury,102000,https://i.i-sgcm.com/cars_used/202104/991025_small.jpg
76800,Tiguan 2.0A TSI (COE till 05/2031),Volkswagen,7870,12-May-2011,SUV,65000,https://i.i-sgcm.com/cars_used/202104/990077_small.jpg
59800,Hiace 3.0A DX,Toyota,10190,22-Jun-2017,Van,78400,https://i.i-sgcm.com/cars_used/202104/988051_small.jpg
40800,Civic 1.6A VTi (COE till 04/2026),Honda,8660,26-Apr-2011,Sedan,80024,https://i.i-sgcm.com/cars_used/202104/984896_small.jpg
71800,Avante 1.6A GLS S,Hyundai,8300,16-May-2019,Sedan,40000,https://i.i-sgcm.com/cars_used/202103/979330_small.jpg
70800,B-Class B180 Style,Mercedes-Benz,12540,22-Apr-2016,Hatchback,88251,https://i.i-sgcm.com/cars_used/202103/978786_small.jpg
